TIMESTAMP,X,Y,Z
1418638402050,-0.015625,-0.265625,0.0
1418638402158,-0.015625,-0.265625,-0.015625
1418638402244,-0.015625,-0.265625,0.0
1418638402341,-0.015625,-0.265625,0.0
1418638402439,-0.015625,-0.265625,0.0
1418638402536,-0.015625,-0.265625,-0.015625
1418638402634,-0.015625,-0.265625,0.0
1418638402731,-0.015625,-0.265625,0.0
1418638402829,-0.015625,-0.265625,-0.015625
1418638402975,-0.015625,-0.265625,0.0
1418638403073,-0.015625,-0.265625,0.0
1418638403170,-0.015625,-0.265625,0.0
1418638403268,-0.015625,-0.265625,-0.015625
1418638403365,-0.015625,-0.265625,0.0
1418638403463,-0.015625,-0.265625,0.0
1418638403560,-0.015625,-0.265625,0.0
1418638403658,-0.015625,-0.265625,0.0
1418638403755,-0.015625,-0.265625,-0.015625
1418638403853,-0.015625,-0.265625,0.0
1418638403950,-0.015625,-0.265625,-0.015625
1418638404048,-0.015625,-0.265625,-0.015625
1418638404145,-0.015625,-0.265625,-0.015625
1418638404243,-0.015625,-0.265625,-0.015625
1418638404340,-0.015625,-0.265625,0.0
1418638404438,-0.015625,-0.265625,0.0
1418638404535,-0.015625,-0.265625,0.0
1418638404633,-0.015625,-0.265625,-0.015625
1418638404730,-0.015625,-0.265625,0.0
1418638404876,-0.015625,-0.265625,0.0
1418638404974,-0.015625,-0.265625,0.0
1418638405071,-0.015625,-0.265625,0.0
1418638405171,-0.015625,-0.265625,-0.015625
1418638405266,-0.015625,-0.265625,0.0
1418638405364,-0.015625,-0.265625,-0.015625
1418638405461,-0.015625,-0.265625,0.0
1418638405559,-0.015625,-0.265625,0.0
1418638405657,-0.015625,-0.265625,0.0
1418638405754,-0.015625,-0.28125,-0.015625
1418638405851,-0.015625,-0.265625,-0.015625
1418638405949,-0.015625,-0.265625,0.0
1418638406046,-0.015625,-0.265625,-0.015625
1418638406144,-0.015625,-0.265625,0.0
1418638406242,-0.015625,-0.265625,-0.015625
1418638406343,-0.015625,-0.265625,0.0
1418638406437,-0.015625,-0.265625,0.0
1418638406535,-0.015625,-0.265625,0.0
1418638406692,-0.015625,-0.265625,-0.015625
1418638406778,-0.015625,-0.265625,0.0
1418638406880,-0.015625,-0.265625,0.0
1418638406977,-0.015625,-0.265625,-0.015625
1418638407070,-0.015625,-0.265625,-0.015625
1418638407168,-0.015625,-0.265625,-0.015625
1418638407265,-0.015625,-0.265625,0.0
1418638407362,-0.015625,-0.265625,-0.015625
1418638407464,-0.015625,-0.265625,0.0
1418638407563,-0.015625,-0.265625,0.0
1418638407660,-0.015625,-0.265625,0.0
1418638407758,-0.015625,-0.265625,0.0
1418638407856,-0.015625,-0.265625,-0.015625
1418638407953,-0.015625,-0.265625,0.0
1418638408050,-0.015625,-0.265625,0.0
1418638408144,-0.015625,-0.265625,0.0
1418638408247,-0.015625,-0.265625,0.0
1418638408338,-0.015625,-0.265625,-0.015625
1418638408443,-0.015625,-0.265625,-0.015625
1418638408591,-0.015625,-0.265625,0.0
1418638408685,-0.015625,-0.265625,0.0
1418638408783,-0.015625,-0.265625,0.0
1418638408880,-0.015625,-0.265625,-0.015625
1418638408976,-0.015625,-0.265625,0.0
1418638409074,-0.015625,-0.265625,0.0
1418638409173,-0.015625,-0.265625,0.0
1418638409270,-0.015625,-0.265625,0.0
1418638409366,-0.015625,-0.265625,0.0
1418638409467,-0.015625,-0.265625,-0.015625
1418638409562,-0.015625,-0.265625,-0.015625
1418638409660,-0.015625,-0.265625,-0.015625
1418638409752,-0.015625,-0.265625,0.0
1418638409854,-0.015625,-0.265625,0.0
1418638409951,-0.015625,-0.265625,0.0
1418638410048,-0.015625,-0.265625,0.0
1418638410146,-0.015625,-0.265625,0.0
1418638410246,-0.015625,-0.265625,0.0
1418638410393,-0.015625,-0.265625,-0.015625
1418638410488,-0.015625,-0.265625,0.0
1418638410585,-0.015625,-0.265625,0.0
1418638410684,-0.015625,-0.265625,-0.015625
1418638410784,-0.015625,-0.265625,0.0
1418638410877,-0.015625,-0.265625,0.0
1418638410975,-0.015625,-0.265625,-0.015625
1418638411073,-0.015625,-0.265625,0.0
1418638411171,-0.015625,-0.265625,0.0
1418638411268,-0.015625,-0.265625,0.0
1418638411365,-0.015625,-0.265625,0.0
1418638411464,-0.015625,-0.265625,0.0
1418638411561,-0.015625,-0.265625,-0.015625
1418638411658,-0.015625,-0.265625,0.0
1418638411756,-0.015625,-0.265625,0.0
1418638411853,-0.015625,-0.265625,0.0
1418638411951,-0.015625,-0.265625,-0.015625
1418638412044,-0.015625,-0.265625,0.0
1418638412145,-0.015625,-0.265625,0.0
1418638412287,-0.015625,-0.265625,0.0
1418638412385,-0.015625,-0.265625,0.0
1418638412482,-0.015625,-0.265625,0.0
1418638412584,-0.015625,-0.265625,0.0
1418638412682,-0.015625,-0.265625,0.0
1418638412780,-0.015625,-0.265625,0.0
1418638412877,-0.015625,-0.265625,-0.015625
1418638412974,-0.015625,-0.265625,0.0
1418638413072,-0.015625,-0.265625,0.0
1418638413168,-0.015625,-0.265625,0.0
1418638413266,-0.015625,-0.265625,0.0
1418638413365,-0.015625,-0.265625,0.0
1418638413463,-0.015625,-0.265625,0.0
1418638413560,-0.015625,-0.265625,0.0
1418638413657,-0.015625,-0.265625,0.0
1418638413755,-0.015625,-0.265625,0.0
1418638413854,-0.015625,-0.265625,0.0
1418638413949,-0.015625,-0.265625,0.0
1418638414095,-0.015625,-0.265625,-0.015625
1418638414193,-0.015625,-0.265625,0.0
1418638414292,-0.015625,-0.265625,0.0
1418638414387,-0.015625,-0.265625,0.0
1418638414546,-0.015625,-0.265625,0.0
1418638414578,-0.015625,-0.265625,0.0
1418638414675,-0.015625,-0.265625,0.0
1418638414773,-0.015625,-0.265625,-0.015625
1418638414870,-0.015625,-0.265625,0.0
1418638414972,-0.015625,-0.265625,0.0
1418638415071,-0.015625,-0.265625,0.0
1418638415167,-0.015625,-0.265625,0.0
1418638415265,-0.015625,-0.265625,0.0
1418638415363,-0.015625,-0.28125,0.0
1418638415460,-0.015625,-0.265625,0.0
1418638415557,-0.015625,-0.265625,0.0
1418638415656,-0.015625,-0.265625,-0.015625
1418638415755,-0.015625,-0.265625,0.0
1418638415852,-0.015625,-0.265625,0.0
1418638415995,-0.015625,-0.265625,-0.015625
1418638416094,-0.015625,-0.265625,0.0
1418638416192,-0.015625,-0.265625,0.0
1418638416288,-0.015625,-0.265625,0.0
1418638416386,-0.015625,-0.265625,-0.015625
1418638416484,-0.015625,-0.265625,0.0
1418638416581,-0.015625,-0.265625,-0.015625
1418638416678,-0.015625,-0.265625,0.0
1418638416776,-0.015625,-0.265625,0.0
1418638416875,-0.015625,-0.265625,0.0
1418638416970,-0.015625,-0.265625,-0.015625
1418638417068,-0.015625,-0.265625,-0.015625
1418638417166,-0.015625,-0.265625,0.0
1418638417266,-0.015625,-0.265625,-0.015625
1418638417372,-0.015625,-0.265625,0.0
1418638417460,-0.015625,-0.265625,0.0
1418638417555,-0.015625,-0.265625,-0.015625
1418638417667,-0.015625,-0.265625,0.0
1418638417800,-0.015625,-0.265625,-0.015625
1418638417897,-0.015625,-0.265625,0.0
1418638417995,-0.015625,-0.265625,0.0
1418638418093,-0.015625,-0.265625,0.0
1418638418190,-0.015625,-0.265625,0.0
1418638418288,-0.015625,-0.265625,0.0
1418638418385,-0.015625,-0.265625,-0.015625
1418638418483,-0.015625,-0.265625,-0.015625
1418638418581,-0.015625,-0.265625,0.0
1418638418677,-0.015625,-0.265625,0.0
1418638418776,-0.015625,-0.265625,0.0
1418638418874,-0.015625,-0.265625,0.0
1418638418971,-0.015625,-0.265625,-0.015625
1418638419067,-0.015625,-0.265625,0.0
1418638419165,-0.015625,-0.265625,0.0
1418638419266,-0.015625,-0.265625,0.0
1418638419360,-0.015625,-0.265625,-0.015625
1418638419458,-0.015625,-0.265625,0.0
1418638419554,-0.015625,-0.265625,-0.015625
1418638419660,-0.015625,-0.265625,0.0
1418638419799,-0.015625,-0.265625,-0.015625
1418638419896,-0.015625,-0.265625,0.0
1418638419993,-0.015625,-0.265625,0.0
1418638420092,-0.015625,-0.265625,0.0
1418638420188,-0.015625,-0.265625,0.0
1418638420287,-0.015625,-0.265625,0.0
1418638420386,-0.015625,-0.265625,-0.015625
1418638420482,-0.015625,-0.265625,0.0
1418638420578,-0.015625,-0.265625,0.0
1418638420678,-0.015625,-0.265625,0.0
1418638420775,-0.015625,-0.265625,0.0
1418638420872,-0.015625,-0.265625,0.0
1418638420968,-0.015625,-0.265625,0.0
1418638421065,-0.015625,-0.265625,0.0
1418638421169,-0.015625,-0.265625,0.0
1418638421263,-0.015625,-0.265625,0.0
1418638421358,-0.015625,-0.265625,-0.015625
1418638421456,-0.015625,-0.265625,0.0
1418638421554,-0.015625,-0.265625,0.0
1418638421701,-0.015625,-0.265625,0.0
1418638421799,-0.015625,-0.265625,0.0
1418638421895,-0.015625,-0.265625,-0.015625
1418638421993,-0.015625,-0.265625,0.0
1418638422091,-0.015625,-0.265625,0.0
1418638422187,-0.015625,-0.265625,-0.015625
1418638422281,-0.015625,-0.265625,0.0
1418638422378,-0.015625,-0.265625,-0.015625
1418638422485,-0.015625,-0.265625,-0.015625
1418638422577,-0.015625,-0.265625,0.0
1418638422680,-0.015625,-0.265625,0.0
1418638422772,-0.015625,-0.265625,0.0
1418638422871,-0.015625,-0.265625,0.0
1418638422967,-0.015625,-0.265625,0.0
1418638423064,-0.015625,-0.265625,0.0
1418638423162,-0.015625,-0.265625,-0.015625
1418638423260,-0.015625,-0.265625,0.0
1418638423357,-0.015625,-0.265625,0.0
1418638423455,-0.015625,-0.265625,0.0
1418638423602,-0.015625,-0.265625,0.0
1418638423699,-0.015625,-0.265625,-0.015625
1418638423796,-0.015625,-0.265625,-0.015625
1418638423894,-0.015625,-0.265625,-0.015625
1418638423992,-0.015625,-0.265625,-0.015625
1418638424090,-0.015625,-0.265625,0.0
1418638424186,-0.015625,-0.265625,0.0
1418638424285,-0.015625,-0.265625,0.0
1418638424382,-0.015625,-0.265625,0.0
1418638424478,-0.015625,-0.265625,0.0
1418638424575,-0.015625,-0.265625,0.0
1418638424677,-0.015625,-0.265625,0.0
1418638424772,-0.015625,-0.265625,-0.015625
1418638424870,-0.015625,-0.265625,-0.015625
1418638424965,-0.015625,-0.265625,0.0
1418638425060,-0.015625,-0.265625,0.0
1418638425161,-0.015625,-0.265625,0.0
1418638425261,-0.015625,-0.265625,0.0
1418638425405,-0.015625,-0.265625,0.0
1418638425503,-0.015625,-0.265625,0.0
1418638425601,-0.015625,-0.265625,0.0
1418638425697,-0.015625,-0.265625,-0.015625
1418638425795,-0.015625,-0.265625,0.0
1418638425893,-0.015625,-0.265625,0.0
1418638425990,-0.015625,-0.265625,0.0
1418638426087,-0.015625,-0.265625,0.0
1418638426186,-0.015625,-0.265625,-0.015625
1418638426282,-0.015625,-0.265625,-0.015625
1418638426380,-0.015625,-0.265625,0.0
1418638426477,-0.015625,-0.265625,-0.015625
1418638426574,-0.015625,-0.265625,0.0
1418638426672,-0.015625,-0.265625,0.0
1418638426772,-0.015625,-0.265625,-0.015625
1418638426866,-0.015625,-0.265625,-0.015625
1418638426964,-0.015625,-0.265625,0.0
1418638427063,-0.015625,-0.265625,0.0
1418638427160,-0.015625,-0.265625,0.0
1418638427307,-0.015625,-0.265625,-0.015625
1418638427404,-0.015625,-0.265625,-0.015625
1418638427502,-0.015625,-0.265625,0.0
1418638427604,-0.015625,-0.265625,0.0
1418638427696,-0.015625,-0.265625,0.0
1418638427795,-0.015625,-0.265625,0.0
1418638427891,-0.015625,-0.265625,0.0
1418638427988,-0.015625,-0.265625,0.0
1418638428085,-0.015625,-0.265625,0.0
1418638428183,-0.015625,-0.265625,0.0
1418638428281,-0.015625,-0.265625,0.0
1418638428378,-0.015625,-0.265625,0.0
1418638428475,-0.015625,-0.265625,-0.015625
1418638428574,-0.015625,-0.265625,0.0
1418638428677,-0.015625,-0.265625,0.0
1418638428769,-0.015625,-0.265625,0.0
1418638428865,-0.015625,-0.265625,0.0
1418638428965,-0.015625,-0.265625,0.0
1418638429062,-0.015625,-0.265625,0.0
1418638429160,-0.015625,-0.265625,0.0
1418638429305,-0.015625,-0.265625,0.0
1418638429403,-0.015625,-0.265625,-0.015625
1418638429499,-0.015625,-0.265625,-0.015625
1418638429597,-0.015625,-0.265625,0.0
1418638429695,-0.015625,-0.265625,-0.015625
1418638429794,-0.015625,-0.265625,0.0
1418638429889,-0.015625,-0.265625,0.0
1418638429987,-0.015625,-0.265625,0.0
1418638430087,-0.015625,-0.265625,-0.015625
1418638430178,-0.015625,-0.265625,-0.015625
1418638430279,-0.015625,-0.265625,-0.015625
1418638430375,-0.015625,-0.265625,0.0
1418638430478,-0.015625,-0.265625,0.0
1418638430573,-0.015625,-0.265625,0.0
1418638430671,-0.015625,-0.265625,0.0
1418638430768,-0.015625,-0.265625,0.0
1418638430866,-0.015625,-0.265625,0.0
1418638430963,-0.015625,-0.265625,0.0
1418638431063,-0.015625,-0.265625,0.0
1418638431206,-0.015625,-0.265625,0.0
1418638431305,-0.015625,-0.265625,-0.015625
1418638431402,-0.015625,-0.265625,-0.015625
1418638431498,-0.015625,-0.265625,-0.015625
1418638431595,-0.015625,-0.265625,-0.015625
1418638431693,-0.015625,-0.265625,0.0
1418638431791,-0.015625,-0.28125,0.0
1418638431888,-0.015625,-0.265625,0.0
1418638431986,-0.015625,-0.265625,0.0
1418638432083,-0.015625,-0.265625,0.0
1418638432182,-0.015625,-0.265625,0.0
1418638432278,-0.015625,-0.265625,0.0
1418638432375,-0.015625,-0.265625,0.0
1418638432474,-0.015625,-0.265625,0.0
1418638432573,-0.015625,-0.265625,0.0
1418638432670,-0.015625,-0.265625,-0.015625
1418638432771,-0.015625,-0.265625,0.0
1418638432865,-0.015625,-0.265625,-0.015625
1418638432962,-0.015625,-0.265625,0.0
1418638433058,-0.015625,-0.265625,-0.015625
1418638433204,-0.015625,-0.265625,0.0
1418638433304,-0.015625,-0.265625,-0.015625
1418638433402,-0.015625,-0.265625,0.0
1418638433497,-0.015625,-0.265625,0.0
1418638433595,-0.015625,-0.265625,0.0
1418638433696,-0.015625,-0.265625,-0.015625
1418638433793,-0.015625,-0.265625,0.0
1418638433886,-0.015625,-0.265625,0.0
1418638433985,-0.015625,-0.28125,0.0
1418638434084,-0.015625,-0.265625,0.0
1418638434181,-0.015625,-0.265625,-0.015625
1418638434278,-0.015625,-0.265625,0.0
1418638434375,-0.015625,-0.265625,-0.015625
1418638434473,-0.015625,-0.265625,0.0
1418638434571,-0.015625,-0.265625,-0.015625
1418638434668,-0.015625,-0.265625,0.0
1418638434767,-0.015625,-0.265625,-0.015625
1418638434862,-0.015625,-0.28125,0.0
1418638434967,-0.015625,-0.265625,0.0
1418638435101,-0.015625,-0.265625,-0.015625
1418638435199,-0.015625,-0.265625,0.0
1418638435303,-0.015625,-0.265625,-0.015625
1418638435399,-0.015625,-0.265625,0.0
1418638435498,-0.015625,-0.265625,0.0
1418638435596,-0.015625,-0.265625,0.0
1418638435694,-0.015625,-0.265625,0.0
1418638435789,-0.015625,-0.265625,0.0
1418638435888,-0.015625,-0.265625,0.0
1418638435985,-0.015625,-0.265625,-0.015625
1418638436083,-0.015625,-0.265625,-0.015625
1418638436179,-0.015625,-0.265625,0.0
1418638436281,-0.015625,-0.28125,0.0
1418638436374,-0.015625,-0.265625,0.0
1418638436474,-0.015625,-0.265625,0.0
1418638436569,-0.015625,-0.265625,-0.015625
1418638436670,-0.015625,-0.265625,0.0
1418638436767,-0.015625,-0.265625,0.0
1418638436864,-0.015625,-0.265625,0.0
1418638437007,-0.015625,-0.265625,0.0
1418638437105,-0.015625,-0.265625,0.0
1418638437205,-0.015625,-0.265625,0.0
1418638437303,-0.015625,-0.265625,0.0
1418638437397,-0.015625,-0.265625,0.0
1418638437495,-0.015625,-0.265625,0.0
1418638437593,-0.015625,-0.265625,-0.015625
1418638437699,-0.015625,-0.265625,-0.015625
1418638437787,-0.015625,-0.265625,-0.015625
1418638437881,-0.015625,-0.265625,0.0
1418638437978,-0.015625,-0.265625,-0.015625
1418638438081,-0.015625,-0.265625,-0.015625
1418638438178,-0.015625,-0.265625,0.0
1418638438276,-0.015625,-0.265625,0.0
1418638438373,-0.015625,-0.265625,-0.015625
1418638438471,-0.015625,-0.265625,0.0
1418638438567,-0.015625,-0.265625,0.0
1418638438665,-0.015625,-0.265625,0.0
1418638438767,-0.015625,-0.265625,0.0
1418638438910,-0.015625,-0.265625,0.0
1418638439005,-0.015625,-0.265625,0.0
1418638439105,-0.015625,-0.265625,0.0
1418638439202,-0.015625,-0.265625,0.0
1418638439299,-0.015625,-0.265625,0.0
1418638439396,-0.015625,-0.265625,-0.015625
1418638439495,-0.015625,-0.265625,0.0
1418638439592,-0.015625,-0.265625,0.0
1418638439689,-0.015625,-0.265625,-0.015625
1418638439787,-0.015625,-0.265625,-0.015625
1418638439956,-0.015625,-0.265625,-0.015625
1418638439982,-0.015625,-0.265625,0.0
1418638440075,-0.015625,-0.265625,0.0
1418638440171,-0.015625,-0.265625,0.0
1418638440269,-0.015625,-0.265625,0.0
1418638440366,-0.015625,-0.265625,0.0
1418638440467,-0.015625,-0.265625,0.0
1418638440564,-0.015625,-0.265625,0.0
1418638440667,-0.015625,-0.265625,-0.015625
1418638440813,-0.015625,-0.265625,0.0
1418638440907,-0.015625,-0.265625,0.0
1418638441004,-0.015625,-0.265625,-0.015625
1418638441104,-0.015625,-0.265625,0.0
1418638441205,-0.015625,-0.265625,-0.015625
1418638441300,-0.015625,-0.265625,0.0
1418638441395,-0.015625,-0.265625,-0.015625
1418638441494,-0.015625,-0.265625,0.0
1418638441589,-0.015625,-0.265625,-0.015625
1418638441689,-0.015625,-0.265625,0.0
1418638441790,-0.015625,-0.265625,0.0
1418638441885,-0.015625,-0.265625,0.0
1418638441981,-0.015625,-0.265625,0.0
1418638442080,-0.015625,-0.265625,0.0
1418638442175,-0.015625,-0.265625,0.0
1418638442279,-0.015625,-0.265625,0.0
1418638442371,-0.015625,-0.265625,-0.015625
1418638442468,-0.015625,-0.265625,0.0
1418638442564,-0.015625,-0.265625,0.0
1418638442718,-0.015625,-0.265625,0.0
1418638442809,-0.015625,-0.265625,-0.015625
1418638442906,-0.015625,-0.265625,0.0
1418638443003,-0.015625,-0.265625,0.0
1418638443102,-0.015625,-0.265625,0.0
1418638443199,-0.015625,-0.265625,-0.015625
1418638443297,-0.015625,-0.265625,0.0
1418638443394,-0.015625,-0.265625,-0.015625
1418638443492,-0.015625,-0.265625,-0.015625
1418638443588,-0.015625,-0.265625,0.0
1418638443685,-0.015625,-0.28125,-0.015625
1418638443786,-0.015625,-0.265625,0.0
1418638443882,-0.015625,-0.265625,0.0
1418638443978,-0.015625,-0.265625,0.0
1418638444075,-0.015625,-0.265625,-0.015625
1418638444176,-0.015625,-0.265625,-0.015625
1418638444272,-0.015625,-0.265625,0.0
1418638444370,-0.015625,-0.265625,-0.015625
1418638444465,-0.015625,-0.265625,-0.015625
1418638444612,-0.015625,-0.265625,0.0
1418638444710,-0.015625,-0.265625,0.0
1418638444808,-0.015625,-0.265625,0.0
1418638444905,-0.015625,-0.265625,0.0
1418638445003,-0.015625,-0.265625,0.0
1418638445095,-0.015625,-0.265625,0.0
1418638445193,-0.015625,-0.265625,-0.015625
1418638445295,-0.015625,-0.265625,0.0
1418638445393,-0.015625,-0.265625,0.0
1418638445489,-0.015625,-0.265625,-0.015625
1418638445587,-0.015625,-0.265625,-0.015625
1418638445684,-0.015625,-0.265625,-0.015625
1418638445787,-0.015625,-0.265625,-0.015625
1418638445881,-0.015625,-0.265625,-0.015625
1418638445976,-0.015625,-0.265625,0.0
1418638446074,-0.015625,-0.265625,0.0
1418638446173,-0.015625,-0.265625,0.0
1418638446275,-0.015625,-0.265625,0.0
1418638446368,-0.015625,-0.265625,-0.015625
1418638446516,-0.015625,-0.28125,0.0
1418638446610,-0.015625,-0.28125,0.0
1418638446719,-0.015625,-0.265625,0.0
1418638446808,-0.015625,-0.265625,-0.015625
1418638446905,-0.015625,-0.265625,-0.015625
1418638447002,-0.015625,-0.265625,0.0
1418638447100,-0.015625,-0.265625,-0.015625
1418638447201,-0.015625,-0.265625,0.0
1418638447300,-0.015625,-0.265625,-0.015625
1418638447392,-0.015625,-0.265625,0.0
1418638447491,-0.015625,-0.265625,0.0
1418638447599,-0.015625,-0.265625,0.0
1418638447685,-0.015625,-0.265625,-0.015625
1418638447785,-0.015625,-0.265625,0.0
1418638447875,-0.015625,-0.265625,0.0
1418638447972,-0.015625,-0.265625,0.0
1418638448083,-0.015625,-0.265625,0.0
1418638448172,-0.015625,-0.265625,-0.015625
1418638448271,-0.015625,-0.265625,0.0
1418638448415,-0.015625,-0.265625,-0.015625
1418638448513,-0.015625,-0.265625,0.0
1418638448611,-0.015625,-0.265625,0.0
1418638448712,-0.015625,-0.265625,-0.015625
1418638448809,-0.015625,-0.265625,-0.015625
1418638448903,-0.015625,-0.265625,0.0
1418638449001,-0.015625,-0.265625,0.0
1418638449097,-0.015625,-0.265625,0.0
1418638449196,-0.015625,-0.265625,0.0
1418638449298,-0.015625,-0.265625,0.0
1418638449390,-0.015625,-0.265625,-0.015625
1418638449488,-0.015625,-0.265625,-0.015625
1418638449585,-0.015625,-0.265625,-0.015625
1418638449682,-0.015625,-0.265625,0.0
1418638449779,-0.015625,-0.265625,-0.015625
1418638449874,-0.015625,-0.265625,-0.015625
1418638449971,-0.015625,-0.265625,-0.015625
1418638450122,-0.015625,-0.265625,0.0
1418638450219,-0.015625,-0.265625,-0.015625
1418638450316,-0.015625,-0.265625,-0.015625
1418638450414,-0.015625,-0.265625,0.0
1418638450512,-0.015625,-0.265625,0.0
1418638450622,-0.015625,-0.265625,0.0
1418638450706,-0.015625,-0.265625,0.0
1418638450810,-0.015625,-0.265625,-0.015625
1418638450899,-0.015625,-0.265625,-0.015625
1418638450995,-0.015625,-0.265625,0.0
1418638451092,-0.015625,-0.265625,-0.015625
1418638451195,-0.015625,-0.265625,0.0
1418638451291,-0.015625,-0.265625,0.0
1418638451388,-0.015625,-0.265625,-0.015625
1418638451485,-0.015625,-0.265625,-0.015625
1418638451585,-0.015625,-0.265625,0.0
1418638451682,-0.015625,-0.265625,0.0
1418638451779,-0.015625,-0.265625,-0.015625
1418638451876,-0.015625,-0.265625,-0.015625
1418638451974,-0.015625,-0.265625,0.0
1418638452123,-0.015625,-0.265625,0.0
1418638452220,-0.015625,-0.265625,0.0
1418638452323,-0.015625,-0.265625,-0.015625
1418638452414,-0.015625,-0.265625,0.0
1418638452513,-0.015625,-0.265625,-0.015625
1418638452606,-0.015625,-0.265625,-0.015625
1418638452707,-0.015625,-0.265625,0.0
1418638452806,-0.015625,-0.265625,0.0
1418638452904,-0.015625,-0.265625,0.0
1418638452997,-0.015625,-0.265625,0.0
1418638453094,-0.015625,-0.265625,-0.015625
1418638453210,-0.015625,-0.265625,0.0
1418638453293,-0.015625,-0.265625,-0.015625
1418638453387,-0.015625,-0.265625,0.0
1418638453484,-0.015625,-0.265625,-0.015625
1418638453583,-0.015625,-0.265625,0.0
1418638453728,-0.015625,-0.265625,0.0
1418638453826,-0.015625,-0.265625,0.0
1418638453924,-0.015625,-0.265625,0.0
1418638454022,-0.015625,-0.265625,0.0
1418638454118,-0.015625,-0.265625,0.0
1418638454216,-0.015625,-0.265625,0.0
1418638454317,-0.015625,-0.265625,0.0
1418638454412,-0.015625,-0.265625,-0.015625
1418638454508,-0.015625,-0.265625,-0.015625
1418638454605,-0.015625,-0.265625,0.0
1418638454705,-0.015625,-0.265625,-0.015625
1418638454802,-0.015625,-0.265625,0.0
1418638454898,-0.015625,-0.265625,-0.015625
1418638454996,-0.015625,-0.265625,0.0
1418638455094,-0.015625,-0.265625,-0.015625
1418638455192,-0.015625,-0.265625,-0.015625
1418638455288,-0.015625,-0.265625,-0.015625
1418638455386,-0.015625,-0.265625,0.0
1418638455485,-0.015625,-0.265625,0.0
1418638455632,-0.015625,-0.265625,-0.015625
1418638455727,-0.015625,-0.265625,0.0
1418638455827,-0.015625,-0.265625,0.0
1418638455923,-0.015625,-0.265625,0.0
1418638456022,-0.015625,-0.265625,0.0
1418638456118,-0.015625,-0.265625,-0.015625
1418638456221,-0.015625,-0.265625,0.0
1418638456317,-0.015625,-0.265625,-0.015625
1418638456411,-0.015625,-0.265625,-0.015625
1418638456507,-0.015625,-0.265625,0.0
1418638456605,-0.015625,-0.265625,0.0
1418638456702,-0.015625,-0.265625,0.0
1418638456801,-0.015625,-0.265625,-0.015625
1418638456898,-0.015625,-0.265625,0.0
1418638456995,-0.015625,-0.265625,0.0
1418638457087,-0.015625,-0.265625,-0.015625
1418638457185,-0.015625,-0.265625,-0.015625
1418638457338,-0.015625,-0.265625,-0.015625
1418638457435,-0.015625,-0.265625,0.0
1418638457532,-0.015625,-0.265625,0.0
1418638457628,-0.015625,-0.265625,-0.015625
1418638457728,-0.015625,-0.265625,0.0
1418638457828,-0.015625,-0.265625,0.0
1418638457923,-0.015625,-0.265625,0.0
1418638458018,-0.015625,-0.265625,0.0
1418638458115,-0.015625,-0.265625,-0.015625
1418638458214,-0.015625,-0.265625,0.0
1418638458319,-0.015625,-0.265625,0.0
1418638458408,-0.015625,-0.265625,0.0
1418638458505,-0.015625,-0.265625,0.0
1418638458604,-0.015625,-0.265625,0.0
1418638458702,-0.015625,-0.265625,-0.015625
1418638458798,-0.015625,-0.265625,0.0
1418638458897,-0.015625,-0.265625,-0.015625
1418638458995,-0.015625,-0.265625,0.0
1418638459092,-0.015625,-0.265625,-0.015625
1418638459238,-0.015625,-0.265625,-0.015625
1418638459336,-0.015625,-0.265625,-0.015625
1418638459434,-0.015625,-0.265625,-0.015625
1418638459531,-0.015625,-0.265625,0.0
1418638459627,-0.015625,-0.265625,0.0
1418638459726,-0.015625,-0.265625,-0.015625
1418638459823,-0.015625,-0.265625,0.0
1418638459924,-0.015625,-0.265625,0.0
1418638460017,-0.015625,-0.265625,0.0
1418638460115,-0.015625,-0.265625,-0.015625
1418638460213,-0.015625,-0.265625,-0.015625
1418638460310,-0.015625,-0.265625,0.0
1418638460408,-0.015625,-0.265625,0.0
1418638460505,-0.015625,-0.265625,0.0
1418638460603,-0.015625,-0.265625,0.0
1418638460701,-0.015625,-0.265625,-0.015625
1418638460797,-0.015625,-0.265625,0.0
1418638460895,-0.015625,-0.265625,-0.015625
1418638461042,-0.015625,-0.265625,0.0
1418638461140,-0.015625,-0.265625,0.0
1418638461236,-0.015625,-0.265625,0.0
1418638461339,-0.015625,-0.265625,0.0
1418638461432,-0.015625,-0.265625,0.0
1418638461528,-0.015625,-0.265625,0.0
1418638461626,-0.015625,-0.265625,0.0
1418638461725,-0.015625,-0.265625,0.0
1418638461823,-0.015625,-0.265625,0.0
1418638461919,-0.015625,-0.265625,0.0
1418638462017,-0.015625,-0.265625,0.0
1418638462109,-0.015625,-0.265625,0.0
1418638462206,-0.015625,-0.265625,0.0
1418638462308,-0.015625,-0.265625,0.0
1418638462416,-0.015625,-0.265625,0.0
1418638462498,-0.015625,-0.265625,0.0
1418638462596,-0.015625,-0.265625,0.0
1418638462706,-0.015625,-0.265625,0.0
1418638462796,-0.015625,-0.265625,0.0
1418638462895,-0.015625,-0.265625,0.0
1418638463041,-0.015625,-0.265625,0.0
1418638463137,-0.015625,-0.265625,0.0
1418638463236,-0.015625,-0.265625,0.0
1418638463339,-0.015625,-0.265625,0.0
1418638463434,-0.015625,-0.265625,-0.015625
1418638463527,-0.015625,-0.265625,-0.015625
1418638463625,-0.015625,-0.265625,0.0
1418638463723,-0.015625,-0.265625,0.0
1418638463821,-0.015625,-0.265625,0.0
1418638463918,-0.015625,-0.28125,0.0
1418638464015,-0.015625,-0.265625,0.0
1418638464113,-0.015625,-0.265625,-0.015625
1418638464211,-0.015625,-0.265625,0.0
1418638464307,-0.015625,-0.265625,-0.015625
1418638464405,-0.015625,-0.265625,-0.015625
1418638464504,-0.015625,-0.265625,0.0
1418638464601,-0.015625,-0.265625,-0.015625
1418638464698,-0.015625,-0.265625,0.0
1418638464802,-0.015625,-0.265625,0.0
1418638464944,-0.015625,-0.265625,0.0
1418638465087,-0.015625,-0.265625,0.0
1418638465131,-0.015625,-0.265625,0.0
1418638465229,-0.015625,-0.265625,0.0
1418638465326,-0.015625,-0.265625,0.0
1418638465430,-0.015625,-0.265625,0.0
1418638465526,-0.015625,-0.265625,-0.015625
1418638465624,-0.015625,-0.265625,-0.015625
1418638465727,-0.015625,-0.265625,0.0
1418638465818,-0.015625,-0.265625,-0.015625
1418638465916,-0.015625,-0.265625,0.0
1418638466014,-0.015625,-0.265625,0.0
1418638466112,-0.015625,-0.265625,-0.015625
1418638466210,-0.015625,-0.265625,0.0
1418638466307,-0.015625,-0.265625,0.0
1418638466408,-0.015625,-0.265625,0.0
1418638466502,-0.015625,-0.265625,0.0
1418638466601,-0.015625,-0.265625,0.0
1418638466696,-0.015625,-0.265625,-0.015625
1418638466843,-0.015625,-0.28125,0.0
1418638466941,-0.015625,-0.28125,0.0
1418638467037,-0.015625,-0.265625,0.0
1418638467135,-0.015625,-0.265625,0.0
1418638467233,-0.015625,-0.265625,0.0
1418638467331,-0.015625,-0.265625,-0.015625
1418638467428,-0.015625,-0.265625,0.0
1418638467524,-0.015625,-0.265625,-0.015625
1418638467623,-0.015625,-0.265625,-0.015625
1418638467721,-0.015625,-0.265625,-0.015625
1418638467818,-0.015625,-0.265625,0.0
1418638467915,-0.015625,-0.265625,0.0
1418638468013,-0.015625,-0.265625,0.0
1418638468111,-0.015625,-0.265625,0.0
1418638468207,-0.015625,-0.265625,0.0
1418638468305,-0.015625,-0.265625,0.0
1418638468404,-0.015625,-0.265625,0.0
1418638468501,-0.015625,-0.265625,0.0
1418638468646,-0.015625,-0.265625,0.0
1418638468754,-0.015625,-0.265625,0.0
1418638468842,-0.015625,-0.265625,0.0
1418638468940,-0.015625,-0.265625,0.0
1418638469036,-0.015625,-0.265625,0.0
1418638469134,-0.015625,-0.265625,-0.015625
1418638469233,-0.015625,-0.265625,-0.015625
1418638469331,-0.015625,-0.265625,0.0
1418638469426,-0.015625,-0.265625,-0.015625
1418638469525,-0.015625,-0.265625,0.0
1418638469622,-0.015625,-0.265625,0.0
1418638469718,-0.015625,-0.265625,-0.015625
1418638469816,-0.015625,-0.265625,0.0
1418638469915,-0.015625,-0.265625,0.0
1418638470012,-0.015625,-0.265625,-0.015625
1418638470108,-0.015625,-0.265625,0.0
1418638470206,-0.015625,-0.265625,-0.015625
1418638470307,-0.015625,-0.265625,0.0
1418638470403,-0.015625,-0.265625,0.0
1418638470547,-0.015625,-0.265625,-0.015625
1418638470644,-0.015625,-0.265625,-0.015625
1418638470744,-0.015625,-0.265625,0.0
1418638470842,-0.015625,-0.265625,-0.015625
1418638470941,-0.015625,-0.265625,-0.015625
1418638471036,-0.015625,-0.265625,-0.015625
1418638471132,-0.015625,-0.265625,0.0
1418638471231,-0.015625,-0.265625,0.0
1418638471327,-0.015625,-0.265625,0.0
1418638471425,-0.015625,-0.265625,-0.015625
1418638471523,-0.015625,-0.265625,0.0
1418638471624,-0.015625,-0.265625,0.0
1418638471717,-0.015625,-0.265625,-0.015625
1418638471820,-0.015625,-0.265625,0.0
1418638471914,-0.015625,-0.265625,-0.015625
1418638472012,-0.015625,-0.265625,-0.015625
1418638472107,-0.015625,-0.265625,0.0
1418638472204,-0.015625,-0.265625,0.0
1418638472353,-0.015625,-0.265625,0.0
1418638472451,-0.015625,-0.265625,0.0
1418638472545,-0.015625,-0.265625,0.0
1418638472643,-0.015625,-0.265625,-0.015625
1418638472741,-0.015625,-0.265625,-0.015625
1418638472838,-0.015625,-0.265625,-0.015625
1418638472936,-0.015625,-0.265625,-0.015625
1418638473033,-0.015625,-0.265625,-0.015625
1418638473132,-0.015625,-0.265625,0.0
1418638473228,-0.015625,-0.265625,0.0
1418638473330,-0.015625,-0.265625,0.0
1418638473425,-0.015625,-0.265625,-0.015625
1418638473522,-0.015625,-0.265625,-0.015625
1418638473618,-0.015625,-0.265625,0.0
1418638473716,-0.015625,-0.265625,0.0
1418638473824,-0.015625,-0.265625,-0.015625
1418638473912,-0.015625,-0.265625,0.0
1418638474009,-0.015625,-0.265625,0.0
1418638474105,-0.015625,-0.265625,-0.015625
1418638474204,-0.015625,-0.265625,-0.015625
1418638474351,-0.015625,-0.265625,0.0
1418638474448,-0.015625,-0.265625,-0.015625
1418638474544,-0.015625,-0.265625,-0.015625
1418638474643,-0.015625,-0.265625,0.0
1418638474741,-0.015625,-0.265625,-0.015625
1418638474837,-0.015625,-0.265625,-0.015625
1418638474935,-0.015625,-0.265625,-0.015625
1418638475033,-0.015625,-0.265625,0.0
1418638475131,-0.015625,-0.265625,0.0
1418638475227,-0.015625,-0.265625,-0.015625
1418638475325,-0.015625,-0.265625,0.0
1418638475424,-0.015625,-0.265625,0.0
1418638475520,-0.015625,-0.265625,0.0
1418638475617,-0.015625,-0.265625,0.0
1418638475714,-0.015625,-0.265625,-0.015625
1418638475812,-0.015625,-0.265625,-0.015625
1418638475911,-0.015625,-0.265625,0.0
1418638476007,-0.015625,-0.265625,-0.015625
1418638476104,-0.015625,-0.265625,0.0
1418638476251,-0.015625,-0.265625,0.0
1418638476349,-0.015625,-0.265625,0.0
1418638476447,-0.015625,-0.265625,0.0
1418638476544,-0.015625,-0.265625,0.0
1418638476642,-0.015625,-0.265625,0.0
1418638476738,-0.015625,-0.265625,-0.015625
1418638476836,-0.015625,-0.265625,0.0
1418638476935,-0.015625,-0.265625,-0.015625
1418638477032,-0.015625,-0.265625,0.0
1418638477128,-0.015625,-0.265625,0.0
1418638477226,-0.015625,-0.265625,0.0
1418638477328,-0.015625,-0.265625,0.0
1418638477421,-0.015625,-0.265625,0.0
1418638477518,-0.015625,-0.265625,0.0
1418638477616,-0.015625,-0.265625,0.0
1418638477713,-0.015625,-0.265625,0.0
1418638477828,-0.015625,-0.265625,0.0
1418638477904,-0.015625,-0.265625,0.0
1418638478001,-0.015625,-0.265625,0.0
1418638478154,-0.015625,-0.265625,0.0
1418638478251,-0.015625,-0.265625,-0.015625
1418638478346,-0.015625,-0.265625,0.0
1418638478445,-0.015625,-0.265625,0.0
1418638478543,-0.015625,-0.265625,-0.015625
1418638478639,-0.015625,-0.265625,0.0
1418638478738,-0.015625,-0.265625,-0.015625
1418638478839,-0.015625,-0.265625,0.0
1418638478934,-0.015625,-0.265625,-0.015625
1418638479031,-0.015625,-0.265625,-0.015625
1418638479128,-0.015625,-0.265625,-0.015625
1418638479224,-0.015625,-0.265625,0.0
1418638479324,-0.015625,-0.265625,0.0
1418638479420,-0.015625,-0.265625,0.0
1418638479519,-0.015625,-0.265625,0.0
1418638479615,-0.015625,-0.265625,-0.015625
1418638479715,-0.015625,-0.265625,0.0
1418638479810,-0.015625,-0.265625,-0.015625
1418638479956,-0.015625,-0.265625,0.0
1418638480055,-0.015625,-0.265625,0.0
1418638480152,-0.015625,-0.265625,0.0
1418638480248,-0.015625,-0.265625,-0.015625
1418638480346,-0.015625,-0.265625,-0.015625
1418638480444,-0.015625,-0.265625,0.0
1418638480541,-0.015625,-0.265625,-0.015625
1418638480638,-0.015625,-0.265625,0.0
1418638480735,-0.015625,-0.265625,0.0
1418638480833,-0.015625,-0.265625,-0.015625
1418638480931,-0.015625,-0.265625,-0.015625
1418638481028,-0.015625,-0.265625,0.0
1418638481125,-0.015625,-0.265625,-0.015625
1418638481223,-0.015625,-0.265625,0.0
1418638481321,-0.015625,-0.265625,0.0
1418638481420,-0.015625,-0.265625,0.0
1418638481517,-0.015625,-0.265625,-0.015625
1418638481615,-0.015625,-0.265625,0.0
1418638481712,-0.015625,-0.265625,0.0
1418638481857,-0.015625,-0.265625,0.0
1418638481954,-0.015625,-0.265625,0.0
1418638482053,-0.015625,-0.265625,0.0
1418638482151,-0.015625,-0.265625,0.0
1418638482247,-0.015625,-0.265625,0.0
1418638482344,-0.015625,-0.265625,0.0
1418638482442,-0.015625,-0.265625,0.0
1418638482541,-0.015625,-0.265625,0.0
1418638482637,-0.015625,-0.265625,0.0
1418638482734,-0.015625,-0.265625,0.0
1418638482841,-0.015625,-0.265625,0.0
1418638482930,-0.015625,-0.265625,-0.015625
1418638483028,-0.015625,-0.265625,0.0
1418638483126,-0.015625,-0.265625,-0.015625
1418638483223,-0.015625,-0.265625,0.0
1418638483320,-0.015625,-0.265625,0.0
1418638483417,-0.015625,-0.265625,0.0
1418638483514,-0.015625,-0.265625,0.0
1418638483662,-0.015625,-0.265625,0.0
1418638483758,-0.015625,-0.265625,0.0
1418638483856,-0.015625,-0.265625,0.0
1418638483954,-0.015625,-0.265625,0.0
1418638484052,-0.015625,-0.265625,-0.015625
1418638484150,-0.015625,-0.265625,0.0
1418638484246,-0.015625,-0.265625,-0.015625
1418638484352,-0.015625,-0.265625,0.0
1418638484442,-0.015625,-0.265625,-0.015625
1418638484542,-0.015625,-0.265625,-0.015625
1418638484637,-0.015625,-0.265625,0.0
1418638484737,-0.015625,-0.265625,0.0
1418638484831,-0.015625,-0.265625,0.0
1418638484931,-0.015625,-0.265625,0.0
1418638485025,-0.015625,-0.265625,0.0
1418638485125,-0.015625,-0.265625,-0.015625
1418638485222,-0.015625,-0.265625,0.0
1418638485320,-0.015625,-0.265625,0.0
1418638485418,-0.015625,-0.265625,-0.015625
1418638485563,-0.015625,-0.265625,0.0
1418638485661,-0.015625,-0.265625,0.0
1418638485757,-0.015625,-0.265625,-0.015625
1418638485855,-0.015625,-0.265625,0.0
1418638485954,-0.015625,-0.265625,0.0
1418638486052,-0.015625,-0.265625,-0.015625
1418638486148,-0.015625,-0.265625,0.0
1418638486245,-0.015625,-0.265625,0.0
1418638486342,-0.015625,-0.265625,0.0
1418638486441,-0.015625,-0.265625,0.0
1418638486537,-0.015625,-0.265625,0.0
1418638486634,-0.015625,-0.265625,0.0
1418638486733,-0.015625,-0.265625,-0.015625
1418638486830,-0.015625,-0.265625,-0.015625
1418638486932,-0.015625,-0.265625,0.0
1418638487024,-0.015625,-0.265625,-0.015625
1418638487123,-0.015625,-0.265625,-0.015625
1418638487219,-0.015625,-0.265625,0.0
1418638487318,-0.015625,-0.265625,-0.015625
1418638487419,-0.015625,-0.265625,0.0
1418638487562,-0.015625,-0.265625,-0.015625
1418638487661,-0.015625,-0.265625,-0.015625
1418638487757,-0.015625,-0.265625,0.0
1418638487855,-0.015625,-0.265625,0.0
1418638487953,-0.015625,-0.265625,-0.015625
1418638488048,-0.015625,-0.265625,0.0
1418638488145,-0.015625,-0.265625,-0.015625
1418638488244,-0.015625,-0.265625,0.0
1418638488349,-0.015625,-0.265625,-0.015625
1418638488440,-0.015625,-0.265625,0.0
1418638488536,-0.015625,-0.265625,0.0
1418638488636,-0.015625,-0.28125,0.0
1418638488732,-0.015625,-0.265625,0.0
1418638488829,-0.015625,-0.265625,0.0
1418638488927,-0.015625,-0.265625,0.0
1418638489025,-0.015625,-0.265625,0.0
1418638489121,-0.015625,-0.265625,0.0
1418638489218,-0.015625,-0.265625,0.0
1418638489316,-0.015625,-0.265625,-0.015625
1418638489464,-0.015625,-0.265625,0.0
1418638489562,-0.015625,-0.265625,0.0
1418638489657,-0.015625,-0.265625,-0.015625
1418638489756,-0.015625,-0.265625,-0.015625
1418638489861,-0.015625,-0.265625,0.0
1418638489953,-0.015625,-0.265625,0.0
1418638490047,-0.015625,-0.265625,0.0
1418638490147,-0.015625,-0.265625,0.0
1418638490243,-0.015625,-0.265625,0.0
1418638490341,-0.015625,-0.265625,-0.015625
1418638490500,-0.015625,-0.265625,-0.015625
1418638490536,-0.015625,-0.265625,0.0
1418638490632,-0.015625,-0.265625,0.0
1418638490732,-0.015625,-0.265625,0.0
1418638490827,-0.015625,-0.265625,0.0
1418638490930,-0.015625,-0.265625,-0.015625
1418638491024,-0.015625,-0.265625,0.0
1418638491122,-0.015625,-0.265625,0.0
1418638491216,-0.015625,-0.265625,0.0
1418638491363,-0.015625,-0.265625,0.0
1418638491463,-0.015625,-0.265625,0.0
1418638491558,-0.015625,-0.265625,0.0
1418638491656,-0.015625,-0.265625,0.0
1418638491754,-0.015625,-0.265625,0.0
1418638491850,-0.015625,-0.265625,-0.015625
1418638491950,-0.015625,-0.265625,0.0
1418638492045,-0.015625,-0.265625,-0.015625
1418638492143,-0.015625,-0.265625,0.0
1418638492240,-0.015625,-0.265625,0.0
1418638492340,-0.015625,-0.28125,0.0
1418638492441,-0.015625,-0.265625,-0.015625
1418638492533,-0.015625,-0.265625,0.0
1418638492632,-0.015625,-0.28125,-0.015625
1418638492728,-0.015625,-0.265625,-0.015625
1418638492826,-0.015625,-0.265625,0.0
1418638492927,-0.015625,-0.265625,-0.015625
1418638493022,-0.015625,-0.265625,0.0
1418638493118,-0.015625,-0.265625,0.0
1418638493264,-0.015625,-0.265625,0.0
1418638493366,-0.015625,-0.265625,0.0
1418638493461,-0.015625,-0.265625,0.0
1418638493556,-0.015625,-0.265625,0.0
1418638493654,-0.015625,-0.265625,0.0
1418638493752,-0.015625,-0.265625,0.0
1418638493851,-0.015625,-0.265625,0.0
1418638493948,-0.015625,-0.265625,-0.015625
1418638494044,-0.015625,-0.265625,-0.015625
1418638494143,-0.015625,-0.265625,0.0
1418638494242,-0.015625,-0.265625,0.0
1418638494338,-0.015625,-0.265625,0.0
1418638494436,-0.015625,-0.265625,0.0
1418638494533,-0.015625,-0.265625,0.0
1418638494637,-0.015625,-0.265625,-0.015625
1418638494722,-0.015625,-0.265625,0.0
1418638494820,-0.015625,-0.265625,0.0
1418638494923,-0.015625,-0.265625,-0.015625
1418638495021,-0.015625,-0.265625,0.0
1418638495167,-0.015625,-0.265625,0.0
1418638495263,-0.015625,-0.265625,0.0
1418638495371,-0.015625,-0.265625,0.0
1418638495458,-0.015625,-0.265625,-0.015625
1418638495557,-0.015625,-0.265625,0.0
1418638495653,-0.015625,-0.265625,-0.015625
1418638495754,-0.015625,-0.265625,0.0
1418638495848,-0.015625,-0.265625,0.0
1418638495949,-0.015625,-0.265625,0.0
1418638496043,-0.015625,-0.265625,0.0
1418638496136,-0.015625,-0.265625,-0.015625
1418638496234,-0.015625,-0.265625,0.0
1418638496331,-0.015625,-0.265625,0.0
1418638496429,-0.015625,-0.265625,0.0
1418638496526,-0.015625,-0.265625,0.0
1418638496624,-0.015625,-0.265625,-0.015625
1418638496721,-0.015625,-0.265625,0.0
1418638496819,-0.015625,-0.265625,-0.015625
1418638496917,-0.015625,-0.265625,0.0
1418638497062,-0.015625,-0.265625,0.0
1418638497160,-0.015625,-0.265625,-0.015625
1418638497258,-0.015625,-0.265625,-0.015625
1418638497357,-0.015625,-0.265625,0.0
1418638497456,-0.015625,-0.265625,-0.015625
1418638497555,-0.015625,-0.265625,0.0
1418638497653,-0.015625,-0.265625,0.0
1418638497745,-0.015625,-0.265625,0.0
1418638497842,-0.015625,-0.265625,0.0
1418638497940,-0.015625,-0.265625,0.0
1418638498037,-0.015625,-0.265625,0.0
1418638498140,-0.015625,-0.265625,0.0
1418638498237,-0.015625,-0.265625,0.0
1418638498338,-0.015625,-0.265625,-0.015625
1418638498433,-0.015625,-0.265625,0.0
1418638498528,-0.015625,-0.265625,0.0
1418638498627,-0.015625,-0.265625,0.0
1418638498725,-0.015625,-0.265625,-0.015625
1418638498825,-0.015625,-0.265625,0.0
1418638498968,-0.015625,-0.265625,-0.015625
1418638499066,-0.015625,-0.265625,0.0
1418638499164,-0.015625,-0.265625,-0.015625
1418638499262,-0.015625,-0.265625,-0.015625
1418638499358,-0.015625,-0.265625,0.0
1418638499456,-0.015625,-0.265625,0.0
1418638499553,-0.015625,-0.265625,0.0
1418638499650,-0.015625,-0.265625,0.0
1418638499750,-0.015625,-0.265625,0.0
1418638499847,-0.015625,-0.28125,0.0
1418638499947,-0.015625,-0.265625,0.0
1418638500037,-0.015625,-0.265625,-0.015625
1418638500139,-0.015625,-0.265625,0.0
1418638500236,-0.015625,-0.265625,0.0
1418638500334,-0.015625,-0.265625,0.0
1418638500432,-0.015625,-0.265625,0.0
1418638500528,-0.015625,-0.265625,0.0
1418638500625,-0.015625,-0.265625,0.0
1418638500725,-0.015625,-0.265625,0.0
1418638500870,-0.015625,-0.265625,0.0
1418638500975,-0.015625,-0.265625,-0.015625
1418638501070,-0.015625,-0.265625,-0.015625
1418638501158,-0.015625,-0.265625,-0.015625
1418638501255,-0.015625,-0.265625,0.0
1418638501354,-0.015625,-0.265625,0.0
1418638501456,-0.015625,-0.265625,-0.015625
1418638501555,-0.015625,-0.265625,0.0
1418638501646,-0.015625,-0.265625,0.0
1418638501751,-0.015625,-0.265625,0.0
1418638501845,-0.015625,-0.265625,0.0
1418638501950,-0.015625,-0.265625,-0.015625
1418638502042,-0.015625,-0.265625,-0.015625
1418638502132,-0.015625,-0.265625,0.0
1418638502230,-0.015625,-0.265625,-0.015625
1418638502331,-0.015625,-0.265625,-0.015625
1418638502433,-0.015625,-0.265625,0.0
1418638502527,-0.015625,-0.265625,0.0
1418638502620,-0.015625,-0.265625,-0.015625
1418638502766,-0.015625,-0.265625,-0.015625
1418638502868,-0.015625,-0.265625,-0.015625
1418638502961,-0.015625,-0.265625,0.0
1418638503058,-0.015625,-0.265625,0.0
1418638503156,-0.015625,-0.265625,-0.015625
1418638503253,-0.015625,-0.265625,0.0
1418638503356,-0.015625,-0.265625,-0.015625
1418638503458,-0.015625,-0.265625,-0.015625
1418638503550,-0.015625,-0.265625,0.0
1418638503648,-0.015625,-0.265625,0.0
1418638503746,-0.015625,-0.265625,-0.015625
1418638503845,-0.015625,-0.265625,0.0
1418638503946,-0.015625,-0.28125,0.0
1418638504038,-0.015625,-0.265625,0.0
1418638504132,-0.015625,-0.265625,0.0
1418638504235,-0.015625,-0.265625,0.0
1418638504332,-0.015625,-0.265625,-0.015625
1418638504431,-0.015625,-0.265625,0.0
1418638504576,-0.015625,-0.265625,0.0
1418638504671,-0.015625,-0.265625,-0.015625
1418638504770,-0.015625,-0.265625,0.0
1418638504867,-0.015625,-0.265625,0.0
1418638504965,-0.015625,-0.265625,0.0
1418638505063,-0.015625,-0.265625,-0.015625
1418638505159,-0.015625,-0.265625,0.0
1418638505257,-0.015625,-0.265625,-0.015625
1418638505356,-0.015625,-0.265625,0.0
1418638505455,-0.015625,-0.265625,0.0
1418638505550,-0.015625,-0.265625,0.0
1418638505646,-0.015625,-0.265625,0.0
1418638505744,-0.015625,-0.265625,0.0
1418638505843,-0.015625,-0.265625,0.0
1418638505941,-0.015625,-0.265625,0.0
1418638506038,-0.015625,-0.265625,0.0
1418638506134,-0.015625,-0.265625,0.0
1418638506227,-0.015625,-0.265625,0.0
1418638506325,-0.015625,-0.265625,0.0
1418638506474,-0.015625,-0.265625,0.0
1418638506576,-0.015625,-0.265625,0.0
1418638506672,-0.015625,-0.28125,-0.015625
1418638506768,-0.015625,-0.265625,0.0
1418638506866,-0.015625,-0.265625,0.0
1418638506968,-0.015625,-0.265625,0.0
1418638507060,-0.015625,-0.265625,0.0
1418638507158,-0.015625,-0.265625,0.0
1418638507255,-0.015625,-0.265625,-0.015625
1418638507354,-0.015625,-0.265625,-0.015625
1418638507455,-0.015625,-0.265625,0.0
1418638507548,-0.015625,-0.265625,0.0
1418638507645,-0.015625,-0.265625,0.0
1418638507744,-0.015625,-0.265625,-0.015625
1418638507841,-0.015625,-0.265625,0.0
1418638507938,-0.015625,-0.265625,0.0
1418638508084,-0.015625,-0.265625,0.0
1418638508183,-0.015625,-0.265625,0.0
1418638508281,-0.015625,-0.265625,0.0
1418638508377,-0.015625,-0.265625,0.0
1418638508477,-0.015625,-0.265625,0.0
1418638508573,-0.015625,-0.265625,0.0
1418638508671,-0.015625,-0.265625,0.0
1418638508767,-0.015625,-0.265625,0.0
1418638508864,-0.015625,-0.265625,0.0
1418638508967,-0.015625,-0.265625,0.0
1418638509061,-0.015625,-0.265625,-0.015625
1418638509157,-0.015625,-0.265625,0.0
1418638509255,-0.015625,-0.265625,-0.015625
1418638509355,-0.015625,-0.265625,-0.015625
1418638509455,-0.015625,-0.265625,-0.015625
1418638509547,-0.015625,-0.265625,-0.015625
1418638509646,-0.015625,-0.265625,-0.015625
1418638509743,-0.015625,-0.265625,0.0
1418638509842,-0.015625,-0.265625,0.0
1418638509987,-0.015625,-0.265625,0.0
1418638510083,-0.015625,-0.265625,-0.015625
1418638510181,-0.015625,-0.265625,0.0
1418638510278,-0.015625,-0.265625,0.0
1418638510376,-0.015625,-0.265625,0.0
1418638510477,-0.015625,-0.265625,-0.015625
1418638510572,-0.015625,-0.265625,-0.015625
1418638510670,-0.015625,-0.265625,0.0
1418638510765,-0.015625,-0.265625,-0.015625
1418638510865,-0.015625,-0.265625,-0.015625
1418638510966,-0.015625,-0.265625,0.0
1418638511058,-0.015625,-0.265625,0.0
1418638511156,-0.015625,-0.265625,-0.015625
1418638511255,-0.015625,-0.265625,0.0
1418638511351,-0.015625,-0.265625,0.0
1418638511448,-0.015625,-0.265625,0.0
1418638511546,-0.015625,-0.265625,-0.015625
1418638511692,-0.015625,-0.265625,0.0
1418638511793,-0.015625,-0.265625,-0.015625
1418638511887,-0.015625,-0.265625,0.0
1418638511986,-0.015625,-0.265625,0.0
1418638512083,-0.015625,-0.265625,-0.015625
1418638512181,-0.015625,-0.265625,0.0
1418638512277,-0.015625,-0.265625,0.0
1418638512375,-0.015625,-0.265625,-0.015625
1418638512479,-0.015625,-0.265625,0.0
1418638512571,-0.015625,-0.265625,0.0
1418638512667,-0.015625,-0.265625,0.0
1418638512765,-0.015625,-0.265625,0.0
1418638512863,-0.015625,-0.265625,0.0
1418638512960,-0.015625,-0.265625,0.0
1418638513057,-0.015625,-0.265625,0.0
1418638513155,-0.015625,-0.265625,-0.015625
1418638513254,-0.015625,-0.265625,-0.015625
1418638513351,-0.015625,-0.265625,-0.015625
1418638513447,-0.015625,-0.265625,-0.015625
1418638513595,-0.015625,-0.265625,0.0
1418638513692,-0.015625,-0.265625,0.0
1418638513788,-0.015625,-0.265625,-0.015625
1418638513886,-0.015625,-0.265625,-0.015625
1418638513991,-0.015625,-0.265625,-0.015625
1418638514081,-0.015625,-0.265625,0.0
1418638514179,-0.015625,-0.265625,-0.015625
1418638514277,-0.015625,-0.265625,-0.015625
1418638514375,-0.015625,-0.265625,0.0
1418638514476,-0.015625,-0.265625,-0.015625
1418638514569,-0.015625,-0.265625,-0.015625
1418638514668,-0.015625,-0.265625,-0.015625
1418638514765,-0.015625,-0.265625,-0.015625
1418638514864,-0.015625,-0.265625,0.0
1418638514959,-0.015625,-0.265625,-0.015625
1418638515058,-0.015625,-0.265625,0.0
1418638515156,-0.015625,-0.265625,0.0
1418638515255,-0.015625,-0.265625,0.0
1418638515397,-0.015625,-0.265625,0.0
1418638515495,-0.015625,-0.265625,0.0
1418638515593,-0.015625,-0.265625,0.0
1418638515691,-0.015625,-0.265625,0.0
1418638515787,-0.015625,-0.265625,-0.015625
1418638515944,-0.015625,-0.265625,0.0
1418638515977,-0.015625,-0.265625,-0.015625
1418638516075,-0.015625,-0.265625,0.0
1418638516172,-0.015625,-0.265625,0.0
1418638516270,-0.015625,-0.265625,0.0
1418638516367,-0.015625,-0.265625,-0.015625
1418638516474,-0.015625,-0.265625,-0.015625
1418638516567,-0.015625,-0.265625,-0.015625
1418638516665,-0.015625,-0.265625,0.0
1418638516763,-0.015625,-0.265625,-0.015625
1418638516855,-0.015625,-0.265625,-0.015625
1418638516952,-0.015625,-0.265625,-0.015625
1418638517050,-0.015625,-0.265625,0.0
1418638517152,-0.015625,-0.265625,-0.015625
1418638517251,-0.015625,-0.265625,0.0
1418638517395,-0.015625,-0.265625,-0.015625
1418638517493,-0.015625,-0.265625,0.0
1418638517591,-0.015625,-0.265625,0.0
1418638517688,-0.015625,-0.265625,-0.015625
1418638517785,-0.015625,-0.265625,0.0
1418638517884,-0.015625,-0.265625,0.0
1418638517981,-0.015625,-0.265625,0.0
1418638518079,-0.015625,-0.265625,0.0
1418638518176,-0.015625,-0.265625,-0.015625
1418638518275,-0.015625,-0.265625,0.0
1418638518373,-0.015625,-0.265625,0.0
1418638518469,-0.015625,-0.265625,0.0
1418638518568,-0.015625,-0.265625,-0.015625
1418638518663,-0.015625,-0.265625,-0.015625
1418638518761,-0.015625,-0.265625,-0.015625
1418638518858,-0.015625,-0.265625,0.0
1418638518956,-0.015625,-0.265625,-0.015625
1418638519058,-0.015625,-0.265625,0.0
1418638519154,-0.015625,-0.265625,0.0
1418638519297,-0.015625,-0.265625,-0.015625
1418638519394,-0.015625,-0.265625,0.0
1418638519493,-0.015625,-0.265625,0.0
1418638519590,-0.015625,-0.265625,0.0
1418638519688,-0.015625,-0.265625,0.0
1418638519785,-0.015625,-0.265625,0.0
1418638519885,-0.015625,-0.265625,0.0
1418638519981,-0.015625,-0.265625,0.0
1418638520086,-0.015625,-0.265625,0.0
1418638520174,-0.015625,-0.265625,0.0
1418638520276,-0.015625,-0.265625,-0.015625
1418638520369,-0.015625,-0.265625,0.0
1418638520471,-0.015625,-0.265625,0.0
1418638520568,-0.015625,-0.265625,0.0
1418638520664,-0.015625,-0.265625,0.0
1418638520761,-0.015625,-0.265625,-0.015625
1418638520858,-0.015625,-0.265625,0.0
1418638520954,-0.015625,-0.265625,0.0
1418638521055,-0.015625,-0.265625,-0.015625
1418638521200,-0.015625,-0.265625,0.0
1418638521296,-0.015625,-0.265625,0.0
1418638521395,-0.015625,-0.265625,0.0
1418638521492,-0.015625,-0.28125,0.0
1418638521589,-0.015625,-0.265625,0.0
1418638521686,-0.015625,-0.265625,0.0
1418638521783,-0.015625,-0.265625,-0.015625
1418638521882,-0.015625,-0.265625,-0.015625
1418638521978,-0.015625,-0.265625,0.0
1418638522079,-0.015625,-0.265625,-0.015625
1418638522174,-0.015625,-0.265625,0.0
1418638522266,-0.015625,-0.265625,-0.015625
1418638522364,-0.015625,-0.265625,0.0
1418638522462,-0.015625,-0.265625,-0.015625
1418638522559,-0.015625,-0.265625,0.0
1418638522656,-0.015625,-0.265625,0.0
1418638522754,-0.015625,-0.265625,-0.015625
1418638522851,-0.015625,-0.265625,0.0
1418638522998,-0.015625,-0.265625,0.0
1418638523095,-0.015625,-0.265625,0.0
1418638523192,-0.015625,-0.265625,0.0
1418638523290,-0.015625,-0.265625,-0.015625
1418638523387,-0.015625,-0.265625,0.0
1418638523485,-0.015625,-0.265625,-0.015625
1418638523583,-0.015625,-0.265625,0.0
1418638523680,-0.015625,-0.265625,-0.015625
1418638523777,-0.015625,-0.265625,-0.015625
1418638523875,-0.015625,-0.265625,0.0
1418638523972,-0.015625,-0.265625,-0.015625
1418638524070,-0.015625,-0.265625,0.0
1418638524169,-0.015625,-0.265625,-0.015625
1418638524265,-0.015625,-0.265625,-0.015625
1418638524362,-0.015625,-0.265625,-0.015625
1418638524460,-0.015625,-0.265625,0.0
1418638524557,-0.015625,-0.265625,0.0
1418638524655,-0.015625,-0.265625,0.0
1418638524753,-0.015625,-0.265625,-0.015625
1418638524899,-0.015625,-0.265625,-0.015625
1418638524996,-0.015625,-0.265625,0.0
1418638525094,-0.015625,-0.265625,0.0
1418638525191,-0.015625,-0.265625,0.0
1418638525289,-0.015625,-0.265625,0.0
1418638525386,-0.015625,-0.265625,0.0
1418638525484,-0.015625,-0.265625,0.0
1418638525581,-0.015625,-0.265625,0.0
1418638525679,-0.015625,-0.265625,-0.015625
1418638525776,-0.015625,-0.265625,0.0
1418638525874,-0.015625,-0.265625,0.0
1418638525971,-0.015625,-0.265625,-0.015625
1418638526069,-0.015625,-0.265625,0.0
1418638526166,-0.015625,-0.265625,-0.015625
1418638526264,-0.015625,-0.265625,0.0
1418638526361,-0.015625,-0.265625,-0.015625
1418638526458,-0.015625,-0.265625,0.0
1418638526556,-0.015625,-0.265625,0.0
1418638526703,-0.015625,-0.265625,0.0
1418638526800,-0.015625,-0.265625,0.0
1418638526897,-0.015625,-0.265625,-0.015625
1418638526995,-0.015625,-0.265625,-0.015625
1418638527093,-0.015625,-0.265625,-0.015625
1418638527190,-0.015625,-0.265625,0.0
1418638527287,-0.015625,-0.265625,-0.015625
1418638527385,-0.015625,-0.265625,-0.015625
1418638527482,-0.015625,-0.265625,0.0
1418638527580,-0.015625,-0.265625,0.0
1418638527677,-0.015625,-0.265625,0.0
1418638527775,-0.015625,-0.265625,-0.015625
1418638527872,-0.015625,-0.265625,0.0
1418638527970,-0.015625,-0.265625,0.0
1418659153689,-0.03125,-0.265625,0.015625
1418659153782,-0.03125,-0.265625,0.015625
1418659153880,-0.03125,-0.265625,0.015625
1418659153978,-0.03125,-0.265625,0.015625
1418659154075,-0.015625,-0.265625,0.015625
1418659154171,-0.03125,-0.25,0.015625
1418659154269,-0.015625,-0.265625,0.0
1418659154368,-0.03125,-0.265625,0.015625
1418659154464,-0.015625,-0.265625,0.0
1418659154562,-0.015625,-0.265625,0.0
1418659154664,-0.015625,-0.265625,0.0
1418659154757,-0.03125,-0.265625,0.015625
1418659154856,-0.03125,-0.265625,0.0
1418659154999,-0.015625,-0.265625,0.015625
1418659155097,-0.015625,-0.265625,0.0
1418659155194,-0.015625,-0.265625,0.0
1418659155293,-0.015625,-0.265625,0.0
1418659155390,-0.015625,-0.265625,0.0
1418659155487,-0.03125,-0.265625,0.0
1418659155584,-0.015625,-0.265625,0.0
1418659155682,-0.015625,-0.265625,0.0
1418659155780,-0.015625,-0.265625,0.0
1418659155877,-0.015625,-0.265625,0.0
1418659155975,-0.015625,-0.265625,0.0
1418659156073,-0.015625,-0.265625,0.0
1418659156171,-0.015625,-0.265625,0.0
1418659156268,-0.03125,-0.265625,0.0
1418659156366,-0.015625,-0.265625,0.0
1418659156464,-0.015625,-0.265625,0.0
1418659156561,-0.015625,-0.265625,0.0
1418659156658,-0.015625,-0.265625,0.0
1418659156756,-0.015625,-0.265625,0.0
1418659156903,-0.015625,-0.265625,0.0
1418659157000,-0.015625,-0.265625,0.0
1418659157097,-0.015625,-0.265625,0.0
1418659157199,-0.015625,-0.265625,0.0
1418659157311,-0.015625,-0.265625,0.0
1418659157393,-0.015625,-0.265625,0.0
1418659157496,-0.015625,-0.265625,0.0
1418659157600,-0.015625,-0.265625,0.0
1418659157717,-0.015625,-0.265625,0.0
1418659157778,-0.015625,-0.265625,0.0
1418659157876,-0.015625,-0.265625,0.015625
1418659157981,-0.015625,-0.265625,0.0
1418659158094,-0.03125,-0.265625,0.0
1418659158170,-0.015625,-0.265625,0.0
1418659158266,-0.015625,-0.265625,0.015625
1418659158383,-0.015625,-0.265625,0.0
1418659158488,-0.03125,-0.265625,0.0
1418659158575,-0.015625,-0.265625,0.0
1418659158662,-0.015625,-0.265625,0.0
1418659158770,-0.03125,-0.265625,0.015625
1418659158905,-0.015625,-0.265625,0.0
1418659159060,-0.015625,-0.265625,0.0
1418659159095,-0.015625,-0.265625,0.0
1418659159192,-0.015625,-0.265625,0.0
1418659159295,-0.03125,-0.265625,0.0
1418659159403,-0.015625,-0.265625,0.0
1418659159487,-0.015625,-0.265625,0.0
1418659159599,-0.03125,-0.265625,0.0
1418659159706,-0.015625,-0.265625,0.0
1418659159777,-0.015625,-0.265625,0.0
1418659159874,-0.015625,-0.265625,0.0
1418659159975,-0.015625,-0.265625,0.0
1418659160117,-0.03125,-0.265625,0.015625
1418659160167,-0.015625,-0.265625,0.0
1418659160265,-0.03125,-0.265625,0.0
1418659160366,-0.015625,-0.265625,0.0
1418659160465,-0.015625,-0.265625,0.015625
1418659160563,-0.015625,-0.265625,0.0
1418659160660,-0.03125,-0.265625,0.0
1418659160814,-0.015625,-0.265625,0.0
1418659160903,-0.015625,-0.265625,0.015625
1418659160996,-0.015625,-0.265625,0.0
1418659161116,-0.03125,-0.265625,0.0
1418659161191,-0.015625,-0.265625,0.0
1418659161289,-0.03125,-0.265625,0.0
1418659161392,-0.03125,-0.265625,0.0
1418659161483,-0.015625,-0.265625,0.0
1418659161581,-0.015625,-0.265625,0.015625
1418659161688,-0.015625,-0.265625,0.0
1418659161804,-0.03125,-0.265625,0.0
1418659161874,-0.03125,-0.265625,0.0
1418659161971,-0.03125,-0.265625,0.0
1418659162084,-0.03125,-0.265625,0.0
1418659162183,-0.03125,-0.265625,0.0
1418659162296,-0.015625,-0.265625,0.0
1418659162385,-0.015625,-0.265625,0.0
1418659162480,-0.03125,-0.265625,0.0
1418659162556,-0.03125,-0.265625,0.0
1418659162653,-0.015625,-0.265625,0.015625
1418659162832,-0.015625,-0.265625,0.0
1418659162897,-0.015625,-0.265625,0.0
1418659162996,-0.015625,-0.265625,0.0
1418659163097,-0.015625,-0.265625,0.0
1418659163194,-0.015625,-0.265625,0.0
1418659163296,-0.015625,-0.265625,0.0
1418659163388,-0.015625,-0.265625,0.0
1418659163502,-0.015625,-0.265625,0.0
1418659163607,-0.015625,-0.265625,0.0
1418659163685,-0.03125,-0.265625,0.0
1418659163818,-0.015625,-0.265625,0.0
1418659163872,-0.015625,-0.265625,0.0
1418659163969,-0.015625,-0.265625,0.0
1418659164072,-0.015625,-0.265625,0.0
1418659164170,-0.015625,-0.265625,0.0
1418659164276,-0.015625,-0.265625,0.0
1418659164359,-0.015625,-0.265625,0.0
1418659164457,-0.03125,-0.265625,0.0
1418659164558,-0.015625,-0.265625,0.0
1418659164733,-0.015625,-0.265625,0.015625
1418659164798,-0.015625,-0.265625,0.0
1418659164896,-0.015625,-0.265625,0.0
1418659164995,-0.015625,-0.265625,0.0
1418659165090,-0.03125,-0.265625,0.0
1418659165188,-0.015625,-0.265625,0.0
1418659165298,-0.015625,-0.265625,0.015625
1418659165383,-0.015625,-0.265625,0.0
1418659165481,-0.015625,-0.265625,0.015625
1418659165590,-0.03125,-0.265625,0.0
1418659165688,-0.03125,-0.265625,0.0
1418659165790,-0.015625,-0.265625,0.0
1418659165899,-0.015625,-0.265625,0.0
1418659165968,-0.015625,-0.265625,0.0
1418659166066,-0.03125,-0.265625,0.0
1418659166173,-0.03125,-0.265625,0.0
1418659166281,-0.015625,-0.265625,0.0
1418659166358,-0.03125,-0.265625,0.0
1418659166456,-0.015625,-0.265625,0.0
1418659166625,-0.03125,-0.265625,0.0
1418659166743,-0.015625,-0.265625,0.0
1418659166797,-0.015625,-0.265625,0.0
1418659166894,-0.03125,-0.265625,0.0
1418659167013,-0.03125,-0.265625,0.015625
1418659167090,-0.03125,-0.265625,0.015625
1418659167187,-0.015625,-0.265625,0.0
1418659167286,-0.015625,-0.265625,0.015625
1418659167391,-0.03125,-0.265625,0.0
1418659167500,-0.015625,-0.265625,0.0
1418659167592,-0.03125,-0.265625,0.0
1418659167674,-0.015625,-0.265625,0.0
1418659167772,-0.03125,-0.265625,0.015625
1418659167875,-0.015625,-0.265625,0.015625
1418659167982,-0.015625,-0.265625,0.015625
1418659168065,-0.03125,-0.265625,0.0
1418659168162,-0.015625,-0.265625,0.0
1418659168270,-0.015625,-0.265625,0.0
1418659168364,-0.015625,-0.265625,0.0
1418659168485,-0.03125,-0.265625,0.0
1418659168601,-0.03125,-0.265625,0.015625
1418659168702,-0.03125,-0.265625,0.0
1418659168807,-0.015625,-0.265625,0.015625
1418659168905,-0.015625,-0.265625,0.015625
1418659169003,-0.015625,-0.265625,0.0
1418659169111,-0.015625,-0.265625,0.0
1418659169195,-0.03125,-0.265625,0.015625
1418659169356,-0.015625,-0.265625,0.0
1418659169381,-0.015625,-0.265625,0.0
1418659169479,-0.03125,-0.265625,0.0
1418659169581,-0.03125,-0.265625,0.0
1418659169690,-0.03125,-0.265625,0.0
1418659169780,-0.015625,-0.265625,0.0
1418659169907,-0.015625,-0.265625,0.015625
1418659169966,-0.03125,-0.265625,0.015625
1418659170063,-0.03125,-0.28125,0.0
1418659170198,-0.015625,-0.265625,0.015625
1418659170290,-0.015625,-0.265625,0.0
1418659170356,-0.015625,-0.265625,0.0
1418659170502,-0.015625,-0.265625,0.0
1418659170612,-0.03125,-0.265625,0.0
1418659170754,-0.015625,-0.265625,0.0
1418659170794,-0.015625,-0.265625,0.0
1418659170892,-0.015625,-0.265625,0.0
1418659170996,-0.015625,-0.265625,0.0
1418659171170,-0.03125,-0.265625,0.015625
1418659171185,-0.015625,-0.265625,0.015625
1418659171282,-0.015625,-0.265625,0.0
1418659171382,-0.015625,-0.265625,0.0
1418659171485,-0.015625,-0.265625,0.0
1418659171619,-0.03125,-0.265625,0.0
1418659171673,-0.015625,-0.265625,0.0
1418659171769,-0.03125,-0.265625,0.0
1418659171867,-0.015625,-0.265625,0.0
1418659171964,-0.015625,-0.265625,0.0
1418659172063,-0.03125,-0.265625,0.0
1418659172171,-0.015625,-0.265625,0.0
1418659172276,-0.015625,-0.265625,0.0
1418659172431,-0.03125,-0.265625,0.0
1418659172501,-0.015625,-0.265625,0.0
1418659172598,-0.015625,-0.265625,0.0
1418659172730,-0.03125,-0.265625,0.0
1418659172794,-0.03125,-0.265625,0.0
1418659172891,-0.015625,-0.265625,0.0
1418659172988,-0.015625,-0.265625,0.015625
1418659173092,-0.015625,-0.265625,0.0
1418659173183,-0.015625,-0.265625,0.0
1418659173284,-0.015625,-0.265625,0.015625
1418659173394,-0.015625,-0.265625,0.0
1418659173485,-0.015625,-0.265625,0.0
1418659173593,-0.015625,-0.265625,0.0
1418659173703,-0.015625,-0.265625,0.0
1418659173768,-0.03125,-0.265625,0.0
1418659173866,-0.015625,-0.265625,0.0
1418659173987,-0.03125,-0.265625,0.0
1418659174061,-0.015625,-0.265625,0.0
1418659174158,-0.015625,-0.265625,0.0
1418659174330,-0.015625,-0.265625,0.0
1418659174403,-0.015625,-0.265625,0.0
1418659174500,-0.015625,-0.265625,0.0
1418659174657,-0.015625,-0.265625,0.015625
1418659174694,-0.015625,-0.265625,0.0
1418659174792,-0.015625,-0.265625,0.0
1418659174895,-0.015625,-0.265625,0.0
1418659175069,-0.015625,-0.265625,0.015625
1418659175085,-0.03125,-0.265625,0.015625
1418659175182,-0.015625,-0.265625,0.0
1418659175282,-0.015625,-0.265625,0.015625
1418659175377,-0.03125,-0.265625,0.0
1418659175475,-0.015625,-0.265625,0.0
1418659175573,-0.015625,-0.265625,0.0
1418659175695,-0.03125,-0.265625,0.0
1418659175767,-0.03125,-0.265625,0.0
1418659175864,-0.015625,-0.265625,0.015625
1418659175983,-0.015625,-0.265625,0.0
1418659176069,-0.015625,-0.265625,0.0
1418659176237,-0.015625,-0.265625,0.0
1418659176332,-0.015625,-0.265625,0.0
1418659176433,-0.03125,-0.265625,0.0
1418659176499,-0.015625,-0.265625,0.0
1418659176596,-0.03125,-0.265625,0.015625
1418659176702,-0.015625,-0.265625,0.0
1418659176808,-0.015625,-0.265625,0.0
1418659176916,-0.015625,-0.265625,0.015625
1418659176986,-0.03125,-0.265625,0.015625
1418659177083,-0.015625,-0.265625,0.015625
1418659177194,-0.03125,-0.265625,0.0
1418659177278,-0.015625,-0.265625,0.0
1418659177376,-0.015625,-0.265625,0.0
1418659177504,-0.015625,-0.265625,0.0
1418659177571,-0.015625,-0.265625,0.015625
1418659177669,-0.015625,-0.265625,0.0
1418659177779,-0.015625,-0.265625,0.0
1418659177875,-0.03125,-0.265625,0.0
1418659178036,-0.03125,-0.265625,0.015625
1418659178154,-0.015625,-0.265625,0.015625
1418659178205,-0.015625,-0.265625,0.0
1418659178302,-0.015625,-0.265625,0.0
1418659178408,-0.015625,-0.265625,0.0
1418659178503,-0.015625,-0.265625,0.0
1418659178626,-0.015625,-0.265625,0.015625
1418659178692,-0.015625,-0.265625,0.0
1418659178789,-0.03125,-0.265625,0.0
1418659178901,-0.015625,-0.265625,0.0
1418659179002,-0.03125,-0.265625,0.0
1418659179082,-0.03125,-0.265625,0.0
1418659179179,-0.015625,-0.265625,0.0
1418659179320,-0.03125,-0.265625,0.0
1418659179424,-0.03125,-0.265625,0.0
1418659179472,-0.015625,-0.265625,0.0
1418659179570,-0.03125,-0.265625,0.015625
1418659179735,-0.015625,-0.265625,0.0
1418659179832,-0.015625,-0.265625,0.015625
1418659179916,-0.015625,-0.265625,0.015625
1418659180027,-0.015625,-0.265625,0.0
1418659180106,-0.015625,-0.265625,0.015625
1418659180204,-0.015625,-0.265625,0.0
1418659180321,-0.015625,-0.265625,0.0
1418659180399,-0.015625,-0.265625,0.0
1418659180496,-0.015625,-0.265625,0.015625
1418659180607,-0.015625,-0.265625,0.0
1418659180747,-0.03125,-0.265625,0.0
1418659180802,-0.03125,-0.265625,0.015625
1418659180891,-0.015625,-0.265625,0.0
1418659181017,-0.015625,-0.265625,0.0
1418659181114,-0.03125,-0.265625,0.015625
1418659181178,-0.015625,-0.265625,0.015625
1418659181276,-0.03125,-0.265625,0.0
1418659181384,-0.015625,-0.265625,0.0
1418659181474,-0.03125,-0.265625,0.015625
1418659181617,-0.015625,-0.265625,0.0
1418659181718,-0.03125,-0.265625,0.015625
1418659181814,-0.03125,-0.265625,0.0
1418659181910,-0.03125,-0.265625,0.0
1418659182006,-0.015625,-0.265625,0.0
1418659182112,-0.015625,-0.265625,0.015625
1418659182210,-0.015625,-0.265625,0.015625
1418659182310,-0.015625,-0.265625,0.0
1418659182401,-0.03125,-0.265625,0.015625
1418659182495,-0.015625,-0.265625,0.0
1418659182592,-0.03125,-0.265625,0.0
1418659182692,-0.015625,-0.265625,0.0
1418659182817,-0.03125,-0.265625,0.0
1418659182884,-0.015625,-0.265625,0.0
1418659182982,-0.015625,-0.265625,0.0
1418659183083,-0.015625,-0.265625,0.0
1418659183246,-0.015625,-0.265625,0.0
1418659183324,-0.03125,-0.265625,0.0
1418659183421,-0.015625,-0.265625,0.015625
1418659183526,-0.015625,-0.265625,0.0
1418659183642,-0.03125,-0.265625,0.015625
1418659183713,-0.015625,-0.265625,0.015625
1418659183811,-0.03125,-0.265625,0.0
1418659183908,-0.03125,-0.265625,0.015625
1418659184021,-0.015625,-0.265625,0.015625
1418659184168,-0.015625,-0.265625,0.015625
1418659184201,-0.015625,-0.265625,0.0
1418659184300,-0.015625,-0.265625,0.0
1418659184400,-0.015625,-0.265625,0.0
1418659184503,-0.03125,-0.265625,0.0
1418659184611,-0.015625,-0.265625,0.015625
1418659184689,-0.015625,-0.265625,0.0
1418659184786,-0.015625,-0.265625,0.0
1418659184890,-0.015625,-0.265625,0.0
1418659184997,-0.015625,-0.265625,0.0
1418659185127,-0.015625,-0.265625,0.0
1418659185224,-0.015625,-0.265625,0.015625
1418659185329,-0.015625,-0.265625,0.0
1418659185419,-0.015625,-0.265625,0.0
1418659185518,-0.015625,-0.265625,0.0
1418659185669,-0.015625,-0.265625,0.0
1418659185712,-0.03125,-0.265625,0.0
1418659185810,-0.015625,-0.265625,0.0
1418659185917,-0.03125,-0.265625,0.0
1418659186015,-0.03125,-0.265625,0.015625
1418659186119,-0.015625,-0.265625,0.0
1418659186214,-0.015625,-0.265625,0.015625
1418659186303,-0.015625,-0.265625,0.0
1418659186413,-0.03125,-0.265625,0.0
1418659186511,-0.015625,-0.265625,0.015625
1418659186604,-0.015625,-0.265625,0.0
1418659186687,-0.03125,-0.265625,0.0
1418659186784,-0.015625,-0.265625,0.015625
1418659186936,-0.015625,-0.265625,0.015625
1418659187061,-0.015625,-0.265625,0.0
1418659187126,-0.015625,-0.265625,0.0
1418659187223,-0.015625,-0.265625,0.015625
1418659187326,-0.015625,-0.265625,0.0
1418659187427,-0.03125,-0.265625,0.0
1418659187526,-0.015625,-0.265625,0.015625
1418659187634,-0.03125,-0.265625,0.0
1418659187711,-0.015625,-0.265625,0.0
1418659187810,-0.015625,-0.265625,0.015625
1418659187913,-0.015625,-0.265625,0.015625
1418659188044,-0.015625,-0.265625,0.015625
1418659188101,-0.03125,-0.265625,0.0
1418659188198,-0.03125,-0.265625,0.0
1418659188303,-0.015625,-0.265625,0.0
1418659188406,-0.015625,-0.265625,0.015625
1418659188524,-0.015625,-0.265625,0.015625
1418659188589,-0.015625,-0.265625,0.0
1418659188687,-0.015625,-0.28125,0.015625
1418659188794,-0.03125,-0.265625,0.0
1418659188958,-0.015625,-0.265625,0.0
1418659189048,-0.015625,-0.265625,0.0
1418659189155,-0.015625,-0.265625,0.015625
1418659189222,-0.015625,-0.265625,0.0
1418659189319,-0.015625,-0.265625,0.015625
1418659189425,-0.015625,-0.265625,0.0
1418659189536,-0.015625,-0.265625,0.0
1418659189612,-0.015625,-0.265625,0.0
1418659189713,-0.015625,-0.265625,0.0
1418659189812,-0.015625,-0.265625,0.0
1418659189943,-0.03125,-0.265625,0.0
1418659190071,-0.015625,-0.265625,0.015625
1418659190100,-0.015625,-0.265625,0.0
1418659190197,-0.015625,-0.265625,0.0
1418659190304,-0.015625,-0.265625,0.0
1418659190393,-0.03125,-0.265625,0.0
1418659190489,-0.015625,-0.265625,0.015625
1418659190595,-0.015625,-0.265625,0.0
1418659190698,-0.03125,-0.265625,0.0
1418659190844,-0.015625,-0.265625,0.0
1418659190928,-0.03125,-0.265625,0.0
1418659191026,-0.015625,-0.265625,0.015625
1418659191152,-0.015625,-0.265625,0.0
1418659191243,-0.015625,-0.265625,0.0
1418659191351,-0.015625,-0.265625,0.015625
1418659191416,-0.03125,-0.265625,0.0
1418659191513,-0.015625,-0.265625,0.0
1418659191628,-0.015625,-0.265625,0.0
1418659191709,-0.015625,-0.265625,0.0
1418659191806,-0.015625,-0.265625,0.0
1418659191905,-0.015625,-0.265625,0.0
1418659192026,-0.015625,-0.265625,0.0
1418659192098,-0.03125,-0.265625,0.0
1418659192196,-0.015625,-0.265625,0.0
1418659192298,-0.015625,-0.25,0.015625
1418659192406,-0.015625,-0.265625,0.0
1418659192496,-0.015625,-0.265625,0.015625
1418659192595,-0.015625,-0.265625,0.015625
1418659192788,-0.015625,-0.265625,0.0
1418659192831,-0.015625,-0.265625,0.0
1418659192927,-0.015625,-0.265625,0.0
1418659193026,-0.03125,-0.265625,0.0
1418659193165,-0.015625,-0.265625,0.015625
1418659193220,-0.015625,-0.265625,0.0
1418659193318,-0.03125,-0.265625,0.0
1418659193426,-0.015625,-0.265625,0.0
1418659193548,-0.015625,-0.265625,0.0
1418659193610,-0.03125,-0.265625,0.0
1418659193706,-0.015625,-0.265625,0.015625
1418659193814,-0.03125,-0.265625,0.0
1418659193920,-0.015625,-0.265625,0.0
1418659194000,-0.03125,-0.265625,0.0
1418659194097,-0.03125,-0.265625,0.0
1418659194201,-0.015625,-0.265625,0.0
1418659194297,-0.015625,-0.265625,0.015625
1418659194402,-0.015625,-0.265625,0.0
1418659194536,-0.015625,-0.265625,0.015625
1418659194643,-0.03125,-0.265625,0.015625
1418659194753,-0.015625,-0.265625,0.015625
1418659194828,-0.015625,-0.265625,0.0
1418659194926,-0.03125,-0.265625,0.0
1418659195027,-0.015625,-0.265625,0.0
1418659195138,-0.015625,-0.265625,0.015625
1418659195228,-0.015625,-0.265625,0.0
1418659195358,-0.015625,-0.265625,0.0
1418659195414,-0.015625,-0.265625,0.0
1418659195512,-0.015625,-0.265625,0.0
1418659195615,-0.015625,-0.265625,0.0
1418659195723,-0.015625,-0.265625,0.0
1418659195805,-0.015625,-0.265625,0.0
1418659195901,-0.015625,-0.265625,0.0
1418659196000,-0.015625,-0.265625,0.015625
1418659196096,-0.015625,-0.265625,0.015625
1418659196193,-0.015625,-0.265625,0.015625
1418659196294,-0.015625,-0.265625,0.015625
1418659196462,-0.015625,-0.265625,0.0
1418659196541,-0.015625,-0.265625,0.0
1418659196644,-0.03125,-0.265625,0.015625
1418659196755,-0.015625,-0.265625,0.0
1418659196855,-0.015625,-0.265625,0.0
1418659196924,-0.015625,-0.265625,0.0
1418659197022,-0.03125,-0.265625,0.015625
1418659197146,-0.015625,-0.265625,0.0
1418659197217,-0.015625,-0.265625,0.015625
1418659197315,-0.015625,-0.265625,0.0
1418659197412,-0.015625,-0.265625,0.0
1418659197513,-0.015625,-0.265625,0.015625
1418659197621,-0.015625,-0.265625,0.0
1418659197713,-0.015625,-0.265625,0.0
1418659197809,-0.015625,-0.265625,0.0
1418659197906,-0.015625,-0.265625,0.0
1418659197997,-0.015625,-0.265625,0.0
1418659198094,-0.015625,-0.265625,0.0
1418659198266,-0.015625,-0.265625,0.0
1418659198348,-0.015625,-0.265625,0.0
1418659198471,-0.015625,-0.265625,0.0
1418659198538,-0.015625,-0.265625,0.0
1418659198661,-0.015625,-0.265625,0.015625
1418659198728,-0.015625,-0.265625,0.0
1418659198829,-0.015625,-0.265625,0.0
1418659198932,-0.03125,-0.265625,0.0
1418659199021,-0.015625,-0.265625,0.0
1418659199118,-0.015625,-0.265625,0.0
1418659199223,-0.015625,-0.265625,0.0
1418659199377,-0.015625,-0.265625,0.015625
1418659199411,-0.015625,-0.265625,0.015625
1418659199508,-0.03125,-0.265625,0.0
1418659199611,-0.015625,-0.265625,0.0
1418659199716,-0.03125,-0.265625,0.0
1418659199826,-0.015625,-0.265625,0.0
1418659199898,-0.03125,-0.265625,0.0
1418659199996,-0.03125,-0.265625,0.015625
1418659200106,-0.015625,-0.265625,0.0
1418659200271,-0.015625,-0.265625,0.0
1418659200337,-0.015625,-0.265625,0.015625
1418659200434,-0.015625,-0.265625,0.0
1418659200532,-0.015625,-0.265625,0.0
1418659200654,-0.03125,-0.265625,0.015625
1418659200727,-0.015625,-0.265625,0.0
1418659200824,-0.015625,-0.265625,0.0
1418659200934,-0.015625,-0.265625,0.0
1418659201076,-0.03125,-0.265625,0.015625
1418659201118,-0.03125,-0.265625,0.0
1418659201215,-0.015625,-0.265625,0.015625
1418659201314,-0.015625,-0.265625,0.0
1418659201412,-0.015625,-0.265625,0.015625
1418659201529,-0.015625,-0.265625,0.0
1418659201614,-0.015625,-0.265625,0.0
1418659201703,-0.015625,-0.265625,0.0
1418659201800,-0.03125,-0.265625,0.015625
1418659201902,-0.015625,-0.265625,0.015625
1418659202018,-0.015625,-0.265625,0.015625
1418659202196,-0.015625,-0.265625,0.015625
1418659202239,-0.03125,-0.265625,0.0
1418659202336,-0.015625,-0.265625,0.0
1418659202438,-0.015625,-0.265625,0.0
1418659202538,-0.015625,-0.265625,0.0
1418659202636,-0.015625,-0.265625,0.015625
1418659202736,-0.03125,-0.265625,0.0
1418659202834,-0.015625,-0.265625,0.0
1418659202926,-0.03125,-0.265625,0.0
1418659203026,-0.03125,-0.265625,0.015625
1418659203133,-0.03125,-0.265625,0.0
1418659203229,-0.015625,-0.265625,0.0
1418659203345,-0.015625,-0.265625,0.0
1418659203408,-0.015625,-0.265625,0.0
1418659203506,-0.03125,-0.28125,0.0
1418659203608,-0.015625,-0.265625,0.015625
1418659203716,-0.015625,-0.265625,0.015625
1418659203798,-0.03125,-0.265625,0.0
1418659203901,-0.015625,-0.265625,0.0
1418659204058,-0.015625,-0.265625,0.015625
1418659204155,-0.015625,-0.265625,0.0
1418659204257,-0.015625,-0.265625,0.0
1418659204335,-0.015625,-0.25,0.0
1418659204432,-0.03125,-0.265625,0.0
1418659204535,-0.015625,-0.28125,0.0
1418659204632,-0.015625,-0.265625,0.015625
1418659204732,-0.015625,-0.265625,0.0
1418659204826,-0.03125,-0.265625,0.0
1418659204944,-0.015625,-0.265625,0.0
1418659205017,-0.015625,-0.265625,0.0
1418659205115,-0.015625,-0.265625,0.0
1418659205232,-0.015625,-0.265625,0.0
1418659205357,-0.015625,-0.265625,0.0
1418659205410,-0.015625,-0.265625,0.015625
1418659205505,-0.03125,-0.265625,0.0
1418659205606,-0.015625,-0.265625,0.0
1418659205745,-0.015625,-0.265625,0.0
1418659205846,-0.03125,-0.265625,0.0
1418659205944,-0.03125,-0.265625,0.0
1418659206044,-0.015625,-0.265625,0.0
1418659206138,-0.015625,-0.265625,0.0
1418659206236,-0.015625,-0.265625,0.0
1418659206360,-0.03125,-0.265625,0.0
1418659206432,-0.015625,-0.265625,0.015625
1418659206528,-0.015625,-0.265625,0.0
1418659206630,-0.015625,-0.265625,0.0
1418659206740,-0.015625,-0.265625,0.0
1418659206831,-0.015625,-0.265625,0.0
1418659206944,-0.015625,-0.265625,0.0
1418659207016,-0.015625,-0.265625,0.0
1418659207114,-0.015625,-0.265625,0.0
1418659207216,-0.015625,-0.265625,0.0
1418659207333,-0.015625,-0.265625,0.0
1418659207440,-0.015625,-0.265625,0.0
1418659207519,-0.015625,-0.265625,0.0
1418659207616,-0.015625,-0.265625,0.0
1418659207761,-0.03125,-0.28125,0.015625
1418659207861,-0.03125,-0.28125,0.0
1418659207963,-0.03125,-0.28125,0.0
1418659208039,-0.015625,-0.265625,0.015625
1418659208137,-0.015625,-0.265625,0.0
1418659208251,-0.03125,-0.265625,0.0
1418659208348,-0.015625,-0.265625,0.0
1418659208444,-0.015625,-0.265625,0.015625
1418659208533,-0.015625,-0.265625,0.0
1418659208647,-0.015625,-0.265625,0.0
1418659208748,-0.03125,-0.265625,0.0
1418659208833,-0.015625,-0.265625,0.015625
1418659208943,-0.03125,-0.265625,0.015625
1418659209048,-0.015625,-0.265625,0.015625
1418659209112,-0.015625,-0.265625,0.015625
1418659209210,-0.015625,-0.265625,0.0
1418659209320,-0.015625,-0.265625,0.015625
1418659209417,-0.03125,-0.265625,0.0
1418659209581,-0.015625,-0.265625,0.015625
1418659209649,-0.015625,-0.265625,0.0
1418659209746,-0.03125,-0.265625,0.015625
1418659209851,-0.015625,-0.265625,0.0
1418659209985,-0.015625,-0.265625,0.0
1418659210038,-0.03125,-0.265625,0.015625
1418659210136,-0.015625,-0.265625,0.0
1418659210239,-0.015625,-0.265625,0.015625
1418659210339,-0.015625,-0.265625,0.0
1418659210434,-0.015625,-0.265625,0.0
1418659210532,-0.015625,-0.265625,0.0
1418659210633,-0.03125,-0.265625,0.0
1418659210724,-0.015625,-0.28125,0.0
1418659210829,-0.03125,-0.265625,0.0
1418659210916,-0.015625,-0.265625,0.0
1418659211013,-0.015625,-0.265625,0.015625
1418659211113,-0.015625,-0.265625,0.0
1418659211276,-0.015625,-0.265625,0.0
1418659211305,-0.015625,-0.265625,0.015625
1418659211452,-0.015625,-0.265625,0.015625
1418659211562,-0.015625,-0.265625,0.0
1418659211665,-0.015625,-0.265625,0.0
1418659211745,-0.015625,-0.265625,0.015625
1418659211843,-0.015625,-0.265625,0.0
1418659211940,-0.015625,-0.265625,0.0
1418659212093,-0.015625,-0.265625,0.0
1418659212135,-0.015625,-0.265625,0.015625
1418659212232,-0.03125,-0.265625,0.015625
1418659212335,-0.015625,-0.265625,0.015625
1418659212454,-0.015625,-0.265625,0.0
1418659212524,-0.015625,-0.265625,0.015625
1418659212622,-0.015625,-0.265625,0.0
1418659212720,-0.015625,-0.265625,0.0
1418659212845,-0.015625,-0.265625,0.0
1418659212914,-0.03125,-0.265625,0.0
1418659213017,-0.015625,-0.265625,0.0
1418659213125,-0.015625,-0.265625,0.015625
1418659213225,-0.015625,-0.265625,0.0
1418659213335,-0.03125,-0.265625,0.0
1418659213451,-0.015625,-0.265625,0.0
1418659213555,-0.03125,-0.265625,0.0
1418659213685,-0.015625,-0.265625,0.0
1418659213743,-0.015625,-0.265625,0.0
1418659213841,-0.015625,-0.265625,0.0
1418659213958,-0.015625,-0.265625,0.015625
1418659214085,-0.015625,-0.265625,0.0
1418659214133,-0.03125,-0.265625,0.0
1418659214231,-0.03125,-0.265625,0.0
1418659214336,-0.03125,-0.265625,0.015625
1418659214440,-0.03125,-0.265625,0.0
1418659214543,-0.015625,-0.265625,0.0
1418659214634,-0.015625,-0.265625,0.015625
1418659214731,-0.03125,-0.265625,0.0
1418659214844,-0.015625,-0.265625,0.015625
1418659214942,-0.015625,-0.265625,0.0
1418659215036,-0.03125,-0.265625,0.0
1418659215108,-0.015625,-0.265625,0.0
1418659215206,-0.015625,-0.265625,0.0
1418659215395,-0.015625,-0.265625,0.0
1418659215450,-0.015625,-0.265625,0.015625
1418659215547,-0.015625,-0.265625,0.0
1418659215654,-0.03125,-0.265625,0.015625
1418659215772,-0.015625,-0.265625,0.0
1418659215840,-0.015625,-0.265625,0.0
1418659215937,-0.015625,-0.265625,0.0
1418659216085,-0.015625,-0.265625,0.0
1418659216132,-0.015625,-0.265625,0.0
1418659216229,-0.015625,-0.265625,0.0
1418659216331,-0.015625,-0.265625,0.0
1418659216430,-0.03125,-0.265625,0.015625
1418659216537,-0.015625,-0.265625,0.0
1418659216625,-0.015625,-0.265625,0.0
1418659216717,-0.015625,-0.265625,0.0
1418659216814,-0.015625,-0.265625,0.0
1418659216958,-0.03125,-0.265625,0.0
1418659217011,-0.015625,-0.265625,0.0
1418659217112,-0.03125,-0.265625,0.0
1418659217270,-0.03125,-0.265625,0.0
1418659217372,-0.015625,-0.265625,0.0
1418659217462,-0.015625,-0.265625,0.015625
1418659217546,-0.015625,-0.265625,0.015625
1418659217643,-0.015625,-0.265625,0.0
1418659217746,-0.015625,-0.265625,0.015625
1418659217877,-0.015625,-0.265625,0.0
1418659217974,-0.015625,-0.265625,0.015625
1418659218033,-0.015625,-0.265625,0.0
1418659218132,-0.03125,-0.265625,0.0
1418659218240,-0.015625,-0.265625,0.015625
1418659218337,-0.03125,-0.265625,0.015625
1418659218456,-0.015625,-0.265625,0.0
1418659218521,-0.015625,-0.265625,0.0
1418659218618,-0.015625,-0.265625,0.0
1418659218722,-0.03125,-0.265625,0.0
1418659218813,-0.015625,-0.265625,0.0
1418659218911,-0.015625,-0.265625,0.0
1418659219015,-0.03125,-0.265625,0.0
1418659219154,-0.015625,-0.265625,0.0
1418659219252,-0.03125,-0.265625,0.0
1418659219358,-0.03125,-0.265625,0.0
1418659219457,-0.015625,-0.265625,0.015625
1418659219557,-0.03125,-0.265625,0.015625
1418659219667,-0.015625,-0.265625,0.0
1418659219774,-0.03125,-0.265625,0.015625
1418659219837,-0.015625,-0.265625,0.0
1418659219935,-0.03125,-0.265625,0.0
1418659220045,-0.015625,-0.265625,0.0
1418659220154,-0.03125,-0.265625,0.015625
1418659220228,-0.015625,-0.265625,0.015625
1418659220325,-0.015625,-0.265625,0.0
1418659220432,-0.03125,-0.265625,0.0
1418659220525,-0.015625,-0.265625,0.0
1418659220622,-0.015625,-0.265625,0.0
1418659220714,-0.03125,-0.265625,0.015625
1418659220825,-0.015625,-0.265625,0.015625
1418659220924,-0.03125,-0.265625,0.015625
1418659221079,-0.015625,-0.265625,0.0
1418659221163,-0.03125,-0.265625,0.0
1418659221252,-0.03125,-0.265625,0.0
1418659221348,-0.015625,-0.265625,0.0
1418659221481,-0.015625,-0.265625,0.015625
1418659221570,-0.015625,-0.265625,0.0
1418659221641,-0.015625,-0.265625,0.0
1418659221738,-0.03125,-0.265625,0.0
1418659221865,-0.015625,-0.265625,0.0
1418659221983,-0.03125,-0.265625,0.015625
1418659222032,-0.015625,-0.265625,0.0
1418659222132,-0.015625,-0.265625,0.0
1418659222232,-0.03125,-0.265625,0.015625
1418659222350,-0.015625,-0.265625,0.0
1418659222422,-0.03125,-0.265625,0.015625
1418659222518,-0.015625,-0.265625,0.0
1418659222632,-0.03125,-0.265625,0.015625
1418659222728,-0.015625,-0.265625,0.0
1418659222830,-0.03125,-0.265625,0.0
1418659222992,-0.015625,-0.265625,0.0
1418659223054,-0.015625,-0.265625,0.0
1418659223156,-0.015625,-0.265625,0.015625
1418659223258,-0.015625,-0.265625,0.015625
1418659223347,-0.015625,-0.265625,0.015625
1418659223444,-0.015625,-0.265625,0.0
1418659223583,-0.03125,-0.265625,0.015625
1418659223640,-0.03125,-0.265625,0.0
1418659223737,-0.015625,-0.265625,0.0
1418659223844,-0.015625,-0.265625,0.015625
1418659223947,-0.015625,-0.265625,0.015625
1418659224053,-0.015625,-0.265625,0.0
1418659224175,-0.015625,-0.265625,0.0
1418659224224,-0.015625,-0.265625,0.015625
1418659224323,-0.015625,-0.265625,0.0
1418659224424,-0.015625,-0.265625,0.0
1418659224533,-0.015625,-0.265625,0.0
1418659224615,-0.015625,-0.265625,0.0
1418659224712,-0.015625,-0.265625,0.0
1418659224876,-0.015625,-0.265625,0.0
1418659224986,-0.015625,-0.265625,0.0
1418659225054,-0.015625,-0.265625,0.015625
1418659225150,-0.03125,-0.265625,0.0
1418659225257,-0.015625,-0.265625,0.0
1418659225392,-0.015625,-0.265625,0.0
1418659225443,-0.015625,-0.265625,0.015625
1418659225541,-0.015625,-0.265625,0.0
1418659225639,-0.015625,-0.265625,0.015625
1418659225753,-0.015625,-0.265625,0.0
1418659225833,-0.015625,-0.265625,0.0
1418659225931,-0.015625,-0.265625,0.0
1418659226063,-0.03125,-0.265625,0.0
1418659226152,-0.015625,-0.265625,0.015625
1418659226224,-0.015625,-0.265625,0.015625
1418659226321,-0.015625,-0.265625,0.0
1418659226423,-0.015625,-0.265625,0.0
1418659226522,-0.03125,-0.265625,0.0
1418659226643,-0.015625,-0.265625,0.0
1418659226761,-0.015625,-0.265625,0.015625
1418659226868,-0.03125,-0.265625,0.0
1418659226972,-0.03125,-0.265625,0.0
1418659227092,-0.03125,-0.265625,0.0
1418659227150,-0.015625,-0.265625,0.0
1418659227247,-0.015625,-0.265625,0.015625
1418659227351,-0.03125,-0.265625,0.015625
1418659227454,-0.015625,-0.265625,0.0
1418659227539,-0.015625,-0.265625,0.015625
1418659227638,-0.015625,-0.265625,0.0
1418659227743,-0.015625,-0.265625,0.0
1418659227851,-0.03125,-0.265625,0.0
1418659227929,-0.015625,-0.265625,0.0
1418659228028,-0.03125,-0.265625,0.0
1418659228138,-0.03125,-0.265625,0.0
1418659228250,-0.03125,-0.265625,0.015625
1418659228337,-0.015625,-0.265625,0.015625
1418659228438,-0.03125,-0.265625,0.0
1418659228540,-0.03125,-0.265625,0.0
1418659228660,-0.015625,-0.265625,0.0
1418659228756,-0.015625,-0.265625,0.0
1418659228856,-0.03125,-0.265625,0.0
1418659228955,-0.015625,-0.265625,0.0
1418659229054,-0.03125,-0.265625,0.015625
1418659229146,-0.015625,-0.265625,0.0
1418659229244,-0.03125,-0.265625,0.0
1418659229345,-0.015625,-0.265625,0.0
1418659229439,-0.015625,-0.265625,0.0
1418659229537,-0.03125,-0.265625,0.0
1418659229638,-0.015625,-0.265625,0.0
1418659229731,-0.015625,-0.265625,0.0
1418659229829,-0.015625,-0.265625,0.015625
1418659229927,-0.015625,-0.265625,0.0
1418659230028,-0.015625,-0.265625,0.015625
1418659230131,-0.015625,-0.265625,0.015625
1418659230237,-0.015625,-0.265625,0.015625
1418659230371,-0.015625,-0.265625,0.0
1418659230463,-0.03125,-0.265625,0.0
1418659230560,-0.03125,-0.265625,0.0
1418659230658,-0.015625,-0.265625,0.0
1418659230760,-0.03125,-0.265625,0.015625
1418659230854,-0.015625,-0.265625,0.0
1418659230950,-0.015625,-0.265625,0.0
1418659231048,-0.03125,-0.265625,0.0
1418659231151,-0.03125,-0.265625,0.015625
1418659231256,-0.03125,-0.265625,0.0
1418659231341,-0.015625,-0.265625,0.0
1418659231438,-0.015625,-0.265625,0.0
1418659231539,-0.015625,-0.265625,0.0
1418659231647,-0.015625,-0.265625,0.015625
1418659231752,-0.015625,-0.265625,0.0
1418659231828,-0.03125,-0.265625,0.0
1418659231925,-0.015625,-0.265625,0.015625
1418659232030,-0.03125,-0.265625,0.015625
1418659232127,-0.015625,-0.265625,0.0
1418659232225,-0.015625,-0.265625,0.0
1418659232364,-0.03125,-0.265625,0.0
1418659232462,-0.03125,-0.265625,0.0
1418659232563,-0.03125,-0.265625,0.0
1418659232674,-0.015625,-0.265625,0.015625
1418659232761,-0.03125,-0.265625,0.0
1418659232852,-0.03125,-0.265625,0.0
1418659232949,-0.015625,-0.265625,0.0
1418659233056,-0.015625,-0.265625,0.015625
1418659233156,-0.03125,-0.265625,0.0
1418659233248,-0.015625,-0.265625,0.0
1418659233340,-0.015625,-0.265625,0.015625
1418659233436,-0.03125,-0.265625,0.015625
1418659233537,-0.015625,-0.265625,0.0
1418659233655,-0.03125,-0.265625,0.015625
1418659233729,-0.015625,-0.265625,0.0
1418659233827,-0.015625,-0.265625,0.0
1418659233987,-0.03125,-0.265625,0.015625
1418659234070,-0.03125,-0.265625,0.015625
1418659234168,-0.015625,-0.265625,0.015625
1418659234270,-0.03125,-0.265625,0.0
1418659234371,-0.015625,-0.265625,0.015625
1418659234464,-0.03125,-0.265625,0.015625
1418659234563,-0.015625,-0.265625,0.015625
1418659234659,-0.015625,-0.265625,0.0
1418659234753,-0.015625,-0.265625,0.015625
1418659234852,-0.015625,-0.265625,0.015625
1418659234951,-0.03125,-0.265625,0.0
1418659235047,-0.03125,-0.265625,0.0
1418659235147,-0.03125,-0.265625,0.015625
1418659235248,-0.03125,-0.265625,0.015625
1418659235338,-0.03125,-0.265625,0.015625
1418659235435,-0.03125,-0.265625,0.0
1418659235535,-0.015625,-0.265625,0.0
1418659235630,-0.03125,-0.265625,0.015625
1418659235728,-0.015625,-0.265625,0.015625
1418659235883,-0.03125,-0.265625,0.015625
1418659235972,-0.03125,-0.265625,0.0
1418659236069,-0.015625,-0.265625,0.015625
1418659236177,-0.015625,-0.265625,0.0
1418659236265,-0.03125,-0.265625,0.0
1418659236362,-0.03125,-0.265625,0.015625
1418659236464,-0.03125,-0.265625,0.015625
1418659236564,-0.03125,-0.265625,0.0
1418659236655,-0.03125,-0.265625,0.0
1418659236756,-0.015625,-0.265625,0.015625
1418659236850,-0.03125,-0.265625,0.0
1418659236947,-0.03125,-0.265625,0.015625
1418659237044,-0.015625,-0.265625,0.0
1418659237145,-0.03125,-0.265625,0.015625
1418659237243,-0.015625,-0.265625,0.0
1418659237342,-0.015625,-0.265625,0.0
1418659237435,-0.03125,-0.265625,0.0
1418659237531,-0.015625,-0.265625,0.0
1418659237632,-0.015625,-0.265625,0.015625
1418659237777,-0.015625,-0.265625,0.0
1418659237873,-0.03125,-0.265625,0.015625
1418659237971,-0.015625,-0.265625,0.015625
1418659238078,-0.015625,-0.265625,0.015625
1418659238169,-0.03125,-0.265625,0.0
1418659238276,-0.015625,-0.265625,0.0
1418659238360,-0.015625,-0.265625,0.015625
1418659238458,-0.03125,-0.265625,0.0
1418659238558,-0.015625,-0.265625,0.0
1418659238657,-0.015625,-0.265625,0.0
1418659238756,-0.015625,-0.265625,0.015625
1418659238848,-0.03125,-0.265625,0.0
1418659238945,-0.015625,-0.265625,0.0
1418659239045,-0.015625,-0.265625,0.0
1418659239146,-0.03125,-0.265625,0.0
1418659239248,-0.015625,-0.265625,0.015625
1418659239336,-0.015625,-0.265625,0.015625
1418659239433,-0.03125,-0.28125,0.0
1418659239532,-0.015625,-0.265625,0.0
1418659239693,-0.03125,-0.265625,0.015625
1418659239774,-0.015625,-0.265625,0.0
1418659239872,-0.015625,-0.265625,0.015625
1418659239977,-0.03125,-0.265625,0.0
1418659240072,-0.015625,-0.265625,0.0
1418659240169,-0.03125,-0.265625,0.015625
1418659240262,-0.015625,-0.265625,0.0
1418659240363,-0.03125,-0.265625,0.0
1418659240460,-0.03125,-0.265625,0.0
1418659240563,-0.03125,-0.265625,0.0
1418659240652,-0.015625,-0.265625,0.0
1418659240750,-0.015625,-0.265625,0.0
1418659240852,-0.03125,-0.265625,0.015625
1418659240949,-0.03125,-0.265625,0.0
1418659241046,-0.03125,-0.265625,0.015625
1418659241144,-0.015625,-0.265625,0.0
1418659241245,-0.015625,-0.265625,0.015625
1418659241334,-0.015625,-0.265625,0.0
1418659241483,-0.015625,-0.265625,0.0
1418659241601,-0.03125,-0.265625,0.0
1418659241675,-0.015625,-0.265625,0.0
1418659241773,-0.015625,-0.265625,0.0
1418659241870,-0.015625,-0.265625,0.015625
1418659241968,-0.015625,-0.265625,0.0
1418659242066,-0.03125,-0.265625,0.0
1418659242179,-0.015625,-0.265625,0.0
1418659242262,-0.03125,-0.265625,0.015625
1418659242359,-0.015625,-0.265625,0.0
1418659242461,-0.015625,-0.265625,0.0
1418659242557,-0.015625,-0.265625,0.0
1418659242654,-0.03125,-0.265625,0.0
1418659242752,-0.015625,-0.265625,0.015625
1418659242849,-0.03125,-0.265625,0.0
1418659242948,-0.015625,-0.265625,0.015625
1418659243047,-0.015625,-0.265625,0.015625
1418659243148,-0.03125,-0.265625,0.0
1418659243240,-0.03125,-0.265625,0.015625
1418659243391,-0.03125,-0.265625,0.0
1418659243479,-0.03125,-0.265625,0.0
1418659243576,-0.015625,-0.265625,0.0
1418659243680,-0.015625,-0.265625,0.015625
1418659243777,-0.015625,-0.265625,0.0
1418659243869,-0.03125,-0.265625,0.0
1418659243967,-0.015625,-0.265625,0.0
1418659244066,-0.03125,-0.265625,0.015625
1418659244170,-0.03125,-0.265625,0.0
1418659244267,-0.015625,-0.265625,0.0
1418659244357,-0.03125,-0.265625,0.0
1418659244454,-0.015625,-0.265625,0.015625
1418659244556,-0.015625,-0.265625,0.0
1418659244655,-0.015625,-0.265625,0.0
1418659244753,-0.015625,-0.265625,0.0
1418659244844,-0.03125,-0.265625,0.015625
1418659244942,-0.015625,-0.265625,0.0
1418659245041,-0.015625,-0.265625,0.0
1418659245186,-0.015625,-0.265625,0.0
1418659245283,-0.03125,-0.265625,0.015625
1418659245382,-0.015625,-0.265625,0.0
1418659245506,-0.03125,-0.265625,0.0
1418659245576,-0.015625,-0.265625,0.0
1418659245673,-0.015625,-0.265625,0.015625
1418659245770,-0.03125,-0.265625,0.0
1418659245876,-0.015625,-0.265625,0.0
1418659245968,-0.015625,-0.265625,0.015625
1418659246113,-0.03125,-0.265625,0.0
1418659246161,-0.03125,-0.265625,0.0
1418659246273,-0.015625,-0.265625,0.015625
1418659246357,-0.015625,-0.265625,0.015625
1418659246458,-0.015625,-0.265625,0.0
1418659246556,-0.015625,-0.265625,0.0
1418659246648,-0.03125,-0.265625,0.015625
1418659246745,-0.03125,-0.265625,0.0
1418659246843,-0.015625,-0.265625,0.0
1418659246940,-0.015625,-0.265625,0.0
1418659247038,-0.015625,-0.265625,0.015625
1418659247191,-0.015625,-0.265625,0.015625
1418659247292,-0.015625,-0.265625,0.0
1418659247379,-0.03125,-0.265625,0.015625
1418659247477,-0.03125,-0.265625,0.0
1418659247581,-0.015625,-0.265625,0.0
1418659247679,-0.015625,-0.265625,0.0
1418659247770,-0.015625,-0.265625,0.0
1418659247867,-0.015625,-0.265625,0.0
1418659247971,-0.03125,-0.265625,0.015625
1418659248073,-0.03125,-0.265625,0.0
1418659248164,-0.03125,-0.265625,0.0
1418659248267,-0.03125,-0.265625,0.015625
1418659248354,-0.03125,-0.265625,0.0
1418659248451,-0.03125,-0.265625,0.015625
1418659248555,-0.03125,-0.265625,0.0
1418659248647,-0.015625,-0.265625,0.015625
1418659248744,-0.015625,-0.265625,0.015625
1418659248846,-0.03125,-0.265625,0.015625
1418659248939,-0.03125,-0.265625,0.0
1418659249085,-0.015625,-0.265625,0.0
1418659249188,-0.015625,-0.265625,0.015625
1418659249280,-0.03125,-0.265625,0.0
1418659249378,-0.015625,-0.265625,0.0
1418659249482,-0.015625,-0.265625,0.0
1418659249580,-0.015625,-0.265625,0.0
1418659249675,-0.015625,-0.25,0.0
1418659249781,-0.03125,-0.265625,0.0
1418659249865,-0.015625,-0.28125,0.015625
1418659249963,-0.03125,-0.265625,0.0
1418659250062,-0.015625,-0.25,0.015625
1418659250188,-0.015625,-0.28125,0.0
1418659250256,-0.015625,-0.265625,0.0
1418659250353,-0.015625,-0.265625,0.015625
1418659250458,-0.015625,-0.265625,0.0
1418659250562,-0.015625,-0.265625,0.0
1418659250645,-0.03125,-0.265625,0.015625
1418659250743,-0.015625,-0.265625,0.0
1418659250847,-0.015625,-0.265625,0.0
1418659250991,-0.015625,-0.265625,0.0
1418659251084,-0.015625,-0.265625,0.0
1418659251181,-0.03125,-0.265625,0.0
1418659251283,-0.015625,-0.265625,0.0
1418659251381,-0.015625,-0.265625,0.0
1418659251478,-0.015625,-0.265625,0.0
1418659251577,-0.015625,-0.265625,0.0
1418659251669,-0.015625,-0.265625,0.0
1418659251767,-0.015625,-0.265625,0.015625
1418659251868,-0.03125,-0.265625,0.0
1418659251977,-0.015625,-0.265625,0.0
1418659252059,-0.015625,-0.265625,0.0
1418659252156,-0.03125,-0.265625,0.0
1418659252254,-0.015625,-0.265625,0.0
1418659252351,-0.015625,-0.265625,0.0
1418659252449,-0.03125,-0.265625,0.0
1418659252547,-0.03125,-0.265625,0.0
1418659252644,-0.015625,-0.265625,0.0
1418659252790,-0.03125,-0.265625,0.0
1418659252913,-0.015625,-0.265625,0.015625
1418659253005,-0.015625,-0.265625,0.0
1418659253094,-0.015625,-0.265625,0.015625
1418659253183,-0.015625,-0.265625,0.0
1418659253282,-0.03125,-0.265625,0.0
1418659253380,-0.015625,-0.265625,0.0
1418659253476,-0.015625,-0.265625,0.015625
1418659253575,-0.03125,-0.265625,0.0
1418659253688,-0.03125,-0.265625,0.0
1418659253765,-0.03125,-0.265625,0.0
1418659253863,-0.03125,-0.265625,0.0
1418659253965,-0.015625,-0.265625,0.0
1418659254062,-0.015625,-0.265625,0.0
1418659254155,-0.03125,-0.265625,0.0
1418659254253,-0.015625,-0.265625,0.015625
1418659254353,-0.015625,-0.265625,0.015625
1418659254448,-0.03125,-0.265625,0.0
1418659254545,-0.03125,-0.265625,0.0
1418659254648,-0.015625,-0.265625,0.0
1418659254794,-0.03125,-0.265625,0.0
1418659254887,-0.015625,-0.265625,0.0
1418659254984,-0.015625,-0.265625,0.0
1418659255085,-0.015625,-0.265625,0.0
1418659255186,-0.015625,-0.265625,0.015625
1418659255286,-0.015625,-0.265625,0.0
1418659255374,-0.015625,-0.265625,0.0
1418659255471,-0.015625,-0.265625,0.0
1418659255594,-0.015625,-0.265625,0.0
1418659255667,-0.015625,-0.265625,0.015625
1418659255764,-0.03125,-0.265625,0.0
1418659255864,-0.015625,-0.265625,0.0
1418659255959,-0.03125,-0.265625,0.0
1418659256056,-0.015625,-0.265625,0.0
1418659256158,-0.015625,-0.265625,0.0
1418659256251,-0.015625,-0.265625,0.0
1418659256349,-0.015625,-0.265625,0.0
1418659256450,-0.03125,-0.265625,0.0
1418659256593,-0.015625,-0.265625,0.0
1418659256690,-0.015625,-0.265625,0.015625
1418659256796,-0.015625,-0.265625,0.0
1418659256898,-0.015625,-0.265625,0.0
1418659256983,-0.015625,-0.265625,0.0
1418659257080,-0.015625,-0.265625,0.0
1418659257182,-0.015625,-0.265625,0.0
1418659257278,-0.015625,-0.265625,0.0
1418659257404,-0.015625,-0.265625,0.015625
1418659257471,-0.03125,-0.265625,0.0
1418659257568,-0.015625,-0.265625,0.0
1418659257667,-0.03125,-0.265625,0.0
1418659257769,-0.03125,-0.265625,0.0
1418659257865,-0.015625,-0.265625,0.0
1418659258011,-0.015625,-0.265625,0.0
1418659258061,-0.015625,-0.265625,0.0
1418659258162,-0.015625,-0.265625,0.0
1418659258250,-0.015625,-0.265625,0.0
1418659258348,-0.015625,-0.265625,0.0
1418659258503,-0.015625,-0.265625,0.0
1418659258592,-0.03125,-0.265625,0.0
1418659258689,-0.015625,-0.265625,0.0
1418659258790,-0.015625,-0.265625,0.0
1418659258887,-0.03125,-0.265625,0.0
1418659258987,-0.015625,-0.265625,0.0
1418659259084,-0.03125,-0.265625,0.0
1418659259176,-0.015625,-0.265625,0.0
1418659259274,-0.015625,-0.265625,0.015625
1418659259376,-0.015625,-0.265625,0.0
1418659259478,-0.015625,-0.265625,0.015625
1418659259567,-0.015625,-0.265625,0.0
1418659259664,-0.015625,-0.265625,0.015625
1418659259766,-0.015625,-0.265625,0.015625
1418659259862,-0.015625,-0.265625,0.0
1418659259961,-0.015625,-0.265625,0.0
1418659260056,-0.03125,-0.265625,0.0
1418659260153,-0.015625,-0.265625,0.0
1418659260249,-0.015625,-0.265625,0.0
1418659260435,-0.015625,-0.265625,0.0
1418659260493,-0.015625,-0.265625,0.0
1418659260595,-0.015625,-0.265625,0.0
1418659260688,-0.015625,-0.265625,0.0
1418659260785,-0.015625,-0.265625,0.0
1418659260885,-0.015625,-0.265625,0.0
1418659261027,-0.03125,-0.265625,0.0
1418659261077,-0.015625,-0.265625,0.0
1418659261175,-0.015625,-0.265625,0.0
1418659261276,-0.015625,-0.265625,0.0
1418659261372,-0.015625,-0.265625,0.0
1418659261471,-0.015625,-0.265625,0.0
1418659261574,-0.015625,-0.265625,0.0
1418659261662,-0.015625,-0.265625,0.0
1418659261760,-0.015625,-0.265625,0.0
1418659261858,-0.03125,-0.265625,0.0
1418659261955,-0.015625,-0.265625,0.0
1418659262060,-0.015625,-0.265625,0.0
1418659262150,-0.015625,-0.265625,0.0
1418659262296,-0.015625,-0.265625,0.0
1418659262404,-0.015625,-0.265625,0.0
1418659262497,-0.015625,-0.265625,0.0
1418659262597,-0.015625,-0.265625,0.0
1418659262693,-0.03125,-0.265625,0.015625
